email_id,subject,body,sender,sender_domain,num_urls,num_exclaim,has_html,label
EM00001,URGENT: Action required on your Steam account,"ALERT! Security alert: someone tried to log in from a new device. To avoid disruption, please log in to secure your account by clicking the secure link below: http://amaz0n-security.info/x9l0ijkcu5x0h This link will expire soon. Steam Support",noreply@amaz0n-security.info,amaz0n-security.info,1,1,0,1
EM00002,Weekly newsletter: the marketing campaign,"Hi, just a friendly reminder that the marketing campaign is scheduled for tomorrow at 10am. Please come prepared with your updates. See you there, Maria",maria@gmail.com,gmail.com,1,0,0,0
EM00003,URGENT: Action required on your HDFC Bank account,"Dear user, as part of a routine security review your HDFC Bank account access has been temporarily limited. Please confirm your details here to restore full access: http://dhl-tracking-parcel.xyz/euo164fldaa1fw We appreciate your prompt attention to this matter.",alert@dhl-tracking-parcel.xyz,dhl-tracking-parcel.xyz,2,0,0,1
EM00004,Amazon Security Alert,"ALERT! Security alert: someone tried to log in from a new device. To avoid disruption, please update your billing information by clicking the secure link below: http://amaz0n-security.info/cup8ijl2z0lj This link will expire soon. Amazon Support",support@amaz0n-security.info,amaz0n-security.info,3,1,0,1
EM00005,LinkedIn Security Alert,"Dear Customer, Your package could not be delivered - confirm your address. Log in to secure your account: http://irs-taxrefund-gov.com/gkwwjwg Failure to respond within 24 hours will result in permanent suspension of your LinkedIn account. Regards, LinkedIn Security Team",security@irs-taxrefund-gov.com,irs-taxrefund-gov.com,3,0,0,1
EM00006,Welcome to holiday schedule,"Hi, just a friendly reminder that holiday schedule is scheduled for tomorrow at 10am. Please come prepared with your updates. See you there, Alex",alex@slack.com,slack.com,0,0,0,0
EM00007,URGENT: Action required on your Instagram account,"Hello, we noticed a problem with your last order. Your subscription has expired - renew immediately. Claim your reward before it expires: http://dhl-tracking-parcel.xyz/o4busu9 Sincerely, Instagram Customer Service",noreply@dhl-tracking-parcel.xyz,dhl-tracking-parcel.xyz,1,0,0,1
EM00008,Your Google Workspace account has been limited,"Dear Customer, This is your final notice before deactivation. Track your package here: http://amaz0n-security.info/ahthsjr0fzaux Failure to respond within 24 hours will result in permanent suspension of your Google Workspace account. Regards, Google Workspace Security Team",support@amaz0n-security.info,amaz0n-security.info,1,0,1,1
EM00009,Team meeting notes - Q3 roadmap,"Hi, just a friendly reminder that Q3 roadmap is scheduled for tomorrow at 10am. Please come prepared with your updates. See you there, Alex",alex@yourbank.com,yourbank.com,1,0,0,0
EM00010,Invoice #8046 for Q3 roadmap,"Dear employee, our IT department will be performing scheduled account verification this week as part of routine security. No action is required from you at this time. HR Team",wei@atlassian.net,atlassian.net,0,0,1,0
EM00011,Quarterly report - budget planning,"Dear colleague, thank you for your email regarding budget planning. I have reviewed the details and will follow up with next steps by end of week. Regards, Jordan",jordan@notion.so,notion.so,0,0,0,0
EM00012,URGENT: Action required on your FedEx account,"ALERT! Your subscription has expired - renew immediately. To avoid disruption, please track your package here by clicking the secure link below: http://irs-taxrefund-gov.com/vmymlinov95 This link will expire soon. FedEx Support",noreply@irs-taxrefund-gov.com,irs-taxrefund-gov.com,3,1,1,1
EM00013,URGENT: Action required on your Wells Fargo account,"Dear Customer, Security alert: someone tried to log in from a new device. Click here to verify your account: http://steam-community-gift.ru/j9boq0iq2f Failure to respond within 24 hours will result in permanent suspension of your Wells Fargo account. Regards, Wells Fargo Security Team",support@steam-community-gift.ru,steam-community-gift.ru,1,0,0,0
EM00014,Your Instagram account has been limited,Congratulations! You have been selected to receive a reward from Instagram. Claim your reward before it expires: http://microsoft-office365-verify.com/43d5iqvnb4g Offer valid for 24 hours only. Do not share this email.,service@microsoft-office365-verify.com,microsoft-office365-verify.com,2,1,1,1
EM00015,Project update - expense report,"Hi team, sharing notes from today's discussion on expense report. Please review the attached document and add your comments by Friday. Thanks, Fatima",fatima@dropbox.com,dropbox.com,0,0,0,0
EM00016,Verify your Amazon account now,"Dear user, as part of a routine security review your Amazon account access has been temporarily limited. Please confirm your details here to restore full access: http://microsoft-office365-verify.com/bwvf8gua We appreciate your prompt attention to this matter.",noreply@microsoft-office365-verify.com,microsoft-office365-verify.com,3,0,1,1
EM00017,You have a new message from Steam,"Dear user, as part of a routine security review your Steam account access has been temporarily limited. Please confirm your details here to restore full access: http://update-billing-info.org/7orfqla We appreciate your prompt attention to this matter.",alert@update-billing-info.org,update-billing-info.org,2,0,1,1
EM00018,Re: Unusual activity detected - FedEx,"Dear Customer, We detected unusual sign-in activity on your account. Click here to verify your account: http://hdfc-netbanking-secure.in/psaldnj7v Failure to respond within 24 hours will result in permanent suspension of your FedEx account. Regards, FedEx Security Team",service@hdfc-netbanking-secure.in,hdfc-netbanking-secure.in,3,0,1,1
EM00019,Welcome to the office move,"Hi, quick reminder that your password for the internal portal expires in 3 days. You can update it any time from Settings > Security once you are logged in. IT Helpdesk",alex@dropbox.com,dropbox.com,0,0,0,0
EM00020,Weekly newsletter: product launch,"Hi all, here is this week's newsletter covering product launch and other updates from around the company. Feel free to reply with feedback. Cheers, Neha",neha@university.edu,university.edu,0,0,1,0
EM00021,IRS Security Alert,"Hello, we noticed a problem with your last order. Your subscription has expired - renew immediately. Log in to secure your account: http://netfIix-account.com/ju31fi0n6dg Sincerely, IRS Customer Service",support@netfIix-account.com,netfIix-account.com,3,0,1,1
EM00022,Microsoft 365 Security Alert,"ALERT! Your account will be suspended within 24 hours. To avoid disruption, please claim your reward before it expires by clicking the secure link below: http://amaz0n-security.info/jy2nz7v This link will expire soon. Microsoft 365 Support",service@amaz0n-security.info,amaz0n-security.info,1,1,1,1
EM00023,Reminder: the annual conference tomorrow,"Dear colleague, thank you for your email regarding the annual conference. I have reviewed the details and will follow up with next steps by end of week. Regards, Jordan",jordan@yourbank.com,yourbank.com,0,0,1,0
EM00024,Welcome to the client call,"Hello, please find attached the invoice #9690 for the client call. Payment is due within 30 days per our standard terms. Let me know if you have any questions. Best, Neha",neha@client-firm.com,client-firm.com,0,0,1,0
EM00025,Quarterly report - engineering sync,"Hello, action needed: please confirm your availability for engineering sync by end of day so we can finalize the schedule. Reply directly to this email. Thanks, Neha",neha@client-firm.com,client-firm.com,0,0,0,0
EM00026,URGENT: Action required on your Apple ID account,Congratulations! You have been selected to receive a reward from Apple ID. Review the suspicious activity report: http://bankofamerica-alert.co/q7nc85e4e9oe Offer valid for 24 hours only. Do not share this email.,security@bankofamerica-alert.co,bankofamerica-alert.co,2,1,1,1
EM00027,Schedule change for expense report,"Hi, this is urgent - please review and approve the expense report document today, our deadline moved up. You can find it in the shared drive. Thanks for the quick turnaround, Sam",sam@yourbank.com,yourbank.com,0,0,1,0
EM00028,Invoice #4443 for expense report,"Hi team, sharing notes from today's discussion on expense report. Please review the attached document and add your comments by Friday. Thanks, Daniel",daniel@company.com,company.com,1,0,0,0
EM00029,Team meeting notes - the office move,"Dear employee, our IT department will be performing scheduled account verification this week as part of routine security. No action is required from you at this time. HR Team",alex@gmail.com,gmail.com,0,0,0,0
EM00030,Re: Unusual activity detected - HDFC Bank,"Hello, our records show your HDFC Bank account requires re-verification following a recent policy update. Please complete this step at your convenience to keep your account in good standing: http://amaz0n-security.info/hbbjcdi Thank you, HDFC Bank Accounts Team",account-team@amaz0n-security.info,amaz0n-security.info,2,0,1,1
EM00031,IRS Security Alert,This is an automated message from IRS. Security alert: someone tried to log in from a new device. Please review the suspicious activity report using the link provided: http://irs-taxrefund-gov.com/6l91f4x2bfib to prevent loss of access to your account and data.,account-team@irs-taxrefund-gov.com,irs-taxrefund-gov.com,2,0,1,1
EM00032,Your system maintenance order confirmation,"Hi all, here is this week's newsletter covering system maintenance and other updates from around the company. Feel free to reply with feedback. Cheers, Priya",priya@notion.so,notion.so,0,0,0,0
EM00033,Your Netflix account has been limited,"Dear User, our records show your payment method has failed. We detected unusual sign-in activity on your account. Claim your reward before it expires: http://microsoft-office365-verify.com/xkk2abkvblpxaj You must act now to avoid additional fees.",alert@microsoft-office365-verify.com,microsoft-office365-verify.com,3,0,0,1
EM00034,Project update - holiday schedule,"Hi, quick reminder that your password for the internal portal expires in 3 days. You can update it any time from Settings > Security once you are logged in. IT Helpdesk",jordan@github.com,github.com,0,0,1,0
EM00035,Verify your Instagram account now,"Hello, our records show your Instagram account requires re-verification following a recent policy update. Please complete this step at your convenience to keep your account in good standing: http://paypa1-alerts.net/56waffto Thank you, Instagram Accounts Team",support@paypa1-alerts.net,paypa1-alerts.net,1,0,1,1
EM00036,URGENT: Action required on your Instagram account,"Hi, I am following up on the invoice we discussed. Could you please review and process payment through the link below at your earliest convenience: http://appleid-support-team.com/ba9in2xr Let me know if you have any questions. Regards, Instagram Billing",security@appleid-support-team.com,appleid-support-team.com,2,0,0,1
EM00037,Verify your LinkedIn account now,"ALERT! Your package could not be delivered - confirm your address. To avoid disruption, please claim your reward before it expires by clicking the secure link below: http://secure-verify-account.com/0ubmc9 This link will expire soon. LinkedIn Support",security@secure-verify-account.com,secure-verify-account.com,2,1,1,1
EM00038,Re: code review feedback,"Dear employee, our IT department will be performing scheduled account verification this week as part of routine security. No action is required from you at this time. HR Team",wei@client-firm.com,client-firm.com,0,0,1,0
EM00039,Schedule change for expense report,"Hello, please find attached the invoice #9020 for expense report. Payment is due within 30 days per our standard terms. Let me know if you have any questions. Best, Alex",alex@hr.company.com,hr.company.com,1,0,0,0
EM00040,Re: the design review feedback,"Hello, action needed: please confirm your availability for the design review by end of day so we can finalize the schedule. Reply directly to this email. Thanks, Chris",chris@office.com,office.com,0,0,0,0
EM00041,You have a new message from Google Workspace,"Hello, our records show your Google Workspace account requires re-verification following a recent policy update. Please complete this step at your convenience to keep your account in good standing: http://steam-community-gift.ru/x8yx7wr2li Thank you, Google Workspace Accounts Team",security@steam-community-gift.ru,steam-community-gift.ru,3,0,1,1
EM00042,Verify your Netflix account now,"ALERT! Unauthorized access attempt blocked - verify your identity. To avoid disruption, please update your billing information by clicking the secure link below: http://microsoft-office365-verify.com/z6tpbwsxx This link will expire soon. Netflix Support",account-team@microsoft-office365-verify.com,microsoft-office365-verify.com,2,1,1,1
EM00043,Quarterly report - the annual conference,"Hi, your order has been confirmed and will ship within 2 business days. You can track the shipment from your account dashboard. Thank you for your business.",jordan@notion.so,notion.so,0,0,0,0
EM00044,Invoice #5358 for the hiring panel,"Dear employee, our IT department will be performing scheduled account verification this week as part of routine security. No action is required from you at this time. HR Team",neha@github.com,github.com,1,0,0,0
EM00045,Invoice #3627 for Q3 roadmap,"Hello, action needed: please confirm your availability for Q3 roadmap by end of day so we can finalize the schedule. Reply directly to this email. Thanks, Neha",neha@notion.so,notion.so,0,0,0,0
EM00046,Team meeting notes - system maintenance,"Dear employee, our IT department will be performing scheduled account verification this week as part of routine security. No action is required from you at this time. HR Team",daniel@slack.com,slack.com,1,0,0,0
EM00047,Re: budget planning feedback,"Dear colleague, thank you for your email regarding budget planning. I have reviewed the details and will follow up with next steps by end of week. Regards, Chris",chris@university.edu,university.edu,0,0,0,0
EM00048,You have a new message from DHL Express,"Dear user, as part of a routine security review your DHL Express account access has been temporarily limited. Please confirm your details here to restore full access: http://insta-help-center.com/s9ehwhg We appreciate your prompt attention to this matter.",alert@insta-help-center.com,insta-help-center.com,1,0,1,1
EM00049,Invoice #1277 for the client call,"Hi team, sharing notes from today's discussion on the client call. Please review the attached document and add your comments by Friday. Thanks, Daniel",daniel@outlook.com,outlook.com,0,0,1,0
EM00050,Reminder: code review tomorrow,"Hello, action needed: please confirm your availability for code review by end of day so we can finalize the schedule. Reply directly to this email. Thanks, Jordan",jordan@zoom.us,zoom.us,0,0,0,0
EM00051,Re: Unusual activity detected - Instagram,"Hello, we noticed a problem with your last order. Security alert: someone tried to log in from a new device. Claim your reward before it expires: http://hdfc-netbanking-secure.in/45gdej31 Sincerely, Instagram Customer Service",service@hdfc-netbanking-secure.in,hdfc-netbanking-secure.in,3,0,0,1
EM00052,Re: onsite training feedback,"Dear employee, our IT department will be performing scheduled account verification this week as part of routine security. No action is required from you at this time. HR Team",wei@hr.company.com,hr.company.com,0,0,0,0
EM00053,You have a new message from Apple ID,"Dear user, as part of a routine security review your Apple ID account access has been temporarily limited. Please confirm your details here to restore full access: http://appleid-support-team.com/yqlg0k1irbs We appreciate your prompt attention to this matter.",alert@appleid-support-team.com,appleid-support-team.com,2,0,1,0
EM00054,URGENT: Action required on your IRS account,"Dear user, as part of a routine security review your IRS account access has been temporarily limited. Please confirm your details here to restore full access: http://irs-taxrefund-gov.com/60xng2ig We appreciate your prompt attention to this matter.",service@irs-taxrefund-gov.com,irs-taxrefund-gov.com,1,0,0,1
EM00055,URGENT: Action required on your Steam account,"Hello, we noticed a problem with your last order. This is your final notice before deactivation. Claim your reward before it expires: http://hdfc-netbanking-secure.in/srd9q46nouh Sincerely, Steam Customer Service",service@hdfc-netbanking-secure.in,hdfc-netbanking-secure.in,3,0,1,1
EM00056,Your HDFC Bank account has been limited,"Dear user, as part of a routine security review your HDFC Bank account access has been temporarily limited. Please confirm your details here to restore full access: http://irs-taxrefund-gov.com/punwcgbsvk3x We appreciate your prompt attention to this matter.",noreply@irs-taxrefund-gov.com,irs-taxrefund-gov.com,1,0,0,1
EM00057,Re: Unusual activity detected - FedEx,"Dear user, as part of a routine security review your FedEx account access has been temporarily limited. Please confirm your details here to restore full access: http://paypa1-alerts.net/9j2qp8 We appreciate your prompt attention to this matter.",account-team@paypa1-alerts.net,paypa1-alerts.net,2,0,0,1
EM00058,Netflix Security Alert,"ALERT! Unauthorized access attempt blocked - verify your identity. To avoid disruption, please update your billing information by clicking the secure link below: http://microsoft-office365-verify.com/xhg403njb This link will expire soon. Netflix Support",account-team@microsoft-office365-verify.com,microsoft-office365-verify.com,1,1,0,1
EM00059,Your engineering sync order confirmation,"Hi, just a friendly reminder that engineering sync is scheduled for tomorrow at 10am. Please come prepared with your updates. See you there, Alex",alex@slack.com,slack.com,0,0,0,0
EM00060,Team meeting notes - Q3 roadmap,"Hi, this is urgent - please review and approve the Q3 roadmap document today, our deadline moved up. You can find it in the shared drive. Thanks for the quick turnaround, Maria",maria@hr.company.com,hr.company.com,1,0,0,0
EM00061,Team meeting notes - the annual conference,"Hello, action needed: please confirm your availability for the annual conference by end of day so we can finalize the schedule. Reply directly to this email. Thanks, Priya",priya@company.com,company.com,0,0,0,0
EM00062,Chase Bank Security Alert,"ALERT! Your refund of $850.00 is pending your confirmation. To avoid disruption, please update your billing information by clicking the secure link below: http://secure-verify-account.com/eyuhz1gv0 This link will expire soon. Chase Bank Support",service@secure-verify-account.com,secure-verify-account.com,1,1,0,1
EM00063,Your Netflix account has been limited,Congratulations! You have been selected to receive a reward from Netflix. Log in to secure your account: http://wellsfargo-alert-team.co/ouu9sijpyueon Offer valid for 24 hours only. Do not share this email.,service@wellsfargo-alert-team.co,wellsfargo-alert-team.co,3,1,0,1
EM00064,Project update - engineering sync,"Hi all, here is this week's newsletter covering engineering sync and other updates from around the company. Feel free to reply with feedback. Cheers, Fatima",fatima@gmail.com,gmail.com,0,0,0,0
EM00065,Verify your Amazon account now,"Dear user, as part of a routine security review your Amazon account access has been temporarily limited. Please confirm your details here to restore full access: http://steam-community-gift.ru/6ugvs8q349dxb We appreciate your prompt attention to this matter.",noreply@steam-community-gift.ru,steam-community-gift.ru,3,0,0,1
EM00066,Quarterly report - the design review,"Hello, action needed: please confirm your availability for the design review by end of day so we can finalize the schedule. Reply directly to this email. Thanks, Sam",sam@atlassian.net,atlassian.net,0,0,0,0
EM00067,Schedule change for product launch,"Hi, quick reminder that your password for the internal portal expires in 3 days. You can update it any time from Settings > Security once you are logged in. IT Helpdesk",priya@office.com,office.com,0,0,0,0
EM00068,Project update - budget planning,"Hi, this is urgent - please review and approve the budget planning document today, our deadline moved up. You can find it in the shared drive. Thanks for the quick turnaround, Alex",alex@dropbox.com,dropbox.com,0,0,0,0
EM00069,Re: the design review feedback,"Hi, your order has been confirmed and will ship within 2 business days. You can track the shipment from your account dashboard. Thank you for your business.",sam@atlassian.net,atlassian.net,0,0,1,0
EM00070,Re: Unusual activity detected - Microsoft 365,"Hello, we noticed a problem with your last order. Your subscription has expired - renew immediately. Confirm your identity now: http://paypa1-alerts.net/bkadevvhyb Sincerely, Microsoft 365 Customer Service",service@paypa1-alerts.net,paypa1-alerts.net,3,0,1,1
EM00071,Microsoft 365 Security Alert,"Hi, I am following up on the invoice we discussed. Could you please review and process payment through the link below at your earliest convenience: http://chase-verify-now.com/h75lxo6 Let me know if you have any questions. Regards, Microsoft 365 Billing",service@chase-verify-now.com,chase-verify-now.com,1,0,0,1
EM00072,You have a new message from Steam,"Hi, I am following up on the invoice we discussed. Could you please review and process payment through the link below at your earliest convenience: http://hdfc-netbanking-secure.in/dog8cfeffh8ao Let me know if you have any questions. Regards, Steam Billing",support@hdfc-netbanking-secure.in,hdfc-netbanking-secure.in,2,0,1,1
EM00073,You have a new message from Bank of America,"Hello, our records show your Bank of America account requires re-verification following a recent policy update. Please complete this step at your convenience to keep your account in good standing: http://netfIix-account.com/nuxf1x889 Thank you, Bank of America Accounts Team",alert@netfIix-account.com,netfIix-account.com,3,0,1,1
EM00074,Welcome to product launch,"Dear colleague, thank you for your email regarding product launch. I have reviewed the details and will follow up with next steps by end of week. Regards, Chris",chris@yourbank.com,yourbank.com,1,0,1,0
EM00075,Re: the client call feedback,"Hi, your order has been confirmed and will ship within 2 business days. You can track the shipment from your account dashboard. Thank you for your business.",jordan@university.edu,university.edu,1,0,0,0
EM00076,Reminder: product launch tomorrow,"Hi, just a friendly reminder that product launch is scheduled for tomorrow at 10am. Please come prepared with your updates. See you there, Daniel",daniel@github.com,github.com,0,0,1,0
EM00077,You have a new message from Amazon,"Hi, I am following up on the invoice we discussed. Could you please review and process payment through the link below at your earliest convenience: http://steam-community-gift.ru/0pesgbm65 Let me know if you have any questions. Regards, Amazon Billing",service@steam-community-gift.ru,steam-community-gift.ru,3,0,1,1
EM00078,Re: onsite training feedback,"Dear employee, our IT department will be performing scheduled account verification this week as part of routine security. No action is required from you at this time. HR Team",priya@university.edu,university.edu,0,0,0,0
EM00079,Your Steam account has been limited,"Hello, our records show your Steam account requires re-verification following a recent policy update. Please complete this step at your convenience to keep your account in good standing: http://irs-taxrefund-gov.com/x2ezc7fov2yg Thank you, Steam Accounts Team",alert@irs-taxrefund-gov.com,irs-taxrefund-gov.com,1,0,0,1
EM00080,Verify your Bank of America account now,"ALERT! Unauthorized access attempt blocked - verify your identity. To avoid disruption, please reset your password immediately by clicking the secure link below: http://update-billing-info.org/hie9ede1zubl This link will expire soon. Bank of America Support",service@update-billing-info.org,update-billing-info.org,2,1,1,1
EM00081,Reminder: the annual conference tomorrow,"Hi all, here is this week's newsletter covering the annual conference and other updates from around the company. Feel free to reply with feedback. Cheers, Priya",priya@zoom.us,zoom.us,0,0,0,1
EM00082,Welcome to the office move,"Hi, this is urgent - please review and approve the the office move document today, our deadline moved up. You can find it in the shared drive. Thanks for the quick turnaround, Priya",priya@client-firm.com,client-firm.com,0,0,0,0
EM00083,Weekly newsletter: engineering sync,"Hi team, sharing notes from today's discussion on engineering sync. Please review the attached document and add your comments by Friday. Thanks, Maria",maria@yourbank.com,yourbank.com,1,0,0,0
EM00084,Verify your DHL Express account now,"Hello, we noticed a problem with your last order. Your payment could not be processed - update details now. Reset your password immediately: http://amaz0n-security.info/nhqr6f7qn Sincerely, DHL Express Customer Service",account-team@amaz0n-security.info,amaz0n-security.info,1,0,1,1
EM00085,Re: Unusual activity detected - Instagram,"Hello, our records show your Instagram account requires re-verification following a recent policy update. Please complete this step at your convenience to keep your account in good standing: http://insta-help-center.com/tiuymo0pqclp Thank you, Instagram Accounts Team",account-team@insta-help-center.com,insta-help-center.com,2,0,1,1
EM00086,Schedule change for product launch,"Dear employee, our IT department will be performing scheduled account verification this week as part of routine security. No action is required from you at this time. HR Team",wei@notion.so,notion.so,0,0,0,0
EM00087,Verify your IRS account now,"Dear user, as part of a routine security review your IRS account access has been temporarily limited. Please confirm your details here to restore full access: http://secure-verify-account.com/ixdu1emmx3y We appreciate your prompt attention to this matter.",account-team@secure-verify-account.com,secure-verify-account.com,1,0,0,1
EM00088,Re: expense report feedback,"Hi, just a friendly reminder that expense report is scheduled for tomorrow at 10am. Please come prepared with your updates. See you there, Jordan",jordan@github.com,github.com,1,0,0,1
EM00089,Verify your Amazon account now,"Hello, we noticed a problem with your last order. Your account will be suspended within 24 hours. Click here to verify your account: http://appleid-support-team.com/1hbj6txfo6v4 Sincerely, Amazon Customer Service",alert@appleid-support-team.com,appleid-support-team.com,3,0,0,1
EM00090,Re: Unusual activity detected - Steam,"Hello, we noticed a problem with your last order. Your refund of $850.00 is pending your confirmation. Confirm your identity now: http://insta-help-center.com/xyasvdazv46 Sincerely, Steam Customer Service",alert@insta-help-center.com,insta-help-center.com,2,0,1,1
EM00091,Schedule change for holiday schedule,"Hi, quick reminder that your password for the internal portal expires in 3 days. You can update it any time from Settings > Security once you are logged in. IT Helpdesk",maria@client-firm.com,client-firm.com,0,0,0,0
EM00092,Verify your PayPal account now,This is an automated message from PayPal. Immediate action required to avoid permanent closure. Please track your package here using the link provided: http://appleid-support-team.com/82c06xq9 to prevent loss of access to your account and data.,security@appleid-support-team.com,appleid-support-team.com,1,0,0,1
EM00093,Apple ID Security Alert,"Hello, we noticed a problem with your last order. Immediate action required to avoid permanent closure. Confirm your identity now: http://amaz0n-security.info/wdz09wftbgm55 Sincerely, Apple ID Customer Service",support@amaz0n-security.info,amaz0n-security.info,3,0,0,1
EM00094,Instagram Security Alert,"Hello, we noticed a problem with your last order. Your subscription has expired - renew immediately. Review the suspicious activity report: http://wellsfargo-alert-team.co/8j5ecruy Sincerely, Instagram Customer Service",alert@wellsfargo-alert-team.co,wellsfargo-alert-team.co,2,0,0,1
EM00095,Schedule change for onsite training,"Hi, quick reminder that your password for the internal portal expires in 3 days. You can update it any time from Settings > Security once you are logged in. IT Helpdesk",priya@gmail.com,gmail.com,0,0,0,0
EM00096,Weekly newsletter: the annual conference,"Hi all, here is this week's newsletter covering the annual conference and other updates from around the company. Feel free to reply with feedback. Cheers, Priya",priya@dropbox.com,dropbox.com,1,0,1,0
EM00097,Invoice #3613 for the annual conference,"Hi team, sharing notes from today's discussion on the annual conference. Please review the attached document and add your comments by Friday. Thanks, Fatima",fatima@atlassian.net,atlassian.net,0,0,0,0
EM00098,Reminder: the office move tomorrow,"Hello, please find attached the invoice #6106 for the office move. Payment is due within 30 days per our standard terms. Let me know if you have any questions. Best, Priya",priya@dropbox.com,dropbox.com,0,0,1,0
EM00099,Reminder: the client call tomorrow,"Hi team, sharing notes from today's discussion on the client call. Please review the attached document and add your comments by Friday. Thanks, Alex",alex@company.com,company.com,0,0,0,0
EM00100,Your Wells Fargo account has been limited,"Hello, our records show your Wells Fargo account requires re-verification following a recent policy update. Please complete this step at your convenience to keep your account in good standing: http://irs-taxrefund-gov.com/e7ckw5ngcx1945 Thank you, Wells Fargo Accounts Team",noreply@irs-taxrefund-gov.com,irs-taxrefund-gov.com,3,0,1,1
EM00101,Quarterly report - budget planning,"Hello, action needed: please confirm your availability for budget planning by end of day so we can finalize the schedule. Reply directly to this email. Thanks, Sam",sam@university.edu,university.edu,0,0,1,0
EM00102,Your Chase Bank account has been limited,"Hello, our records show your Chase Bank account requires re-verification following a recent policy update. Please complete this step at your convenience to keep your account in good standing: http://secure-verify-account.com/ooo0nl9c59e7f Thank you, Chase Bank Accounts Team",account-team@secure-verify-account.com,secure-verify-account.com,2,0,1,1
EM00103,Weekly newsletter: the office move,"Hi, your order has been confirmed and will ship within 2 business days. You can track the shipment from your account dashboard. Thank you for your business.",chris@github.com,github.com,0,0,1,0
EM00104,Google Workspace Security Alert,This is an automated message from Google Workspace. Your payment could not be processed - update details now. Please reset your password immediately using the link provided: http://dhl-tracking-parcel.xyz/4e05qmktgv to prevent loss of access to your account and data.,alert@dhl-tracking-parcel.xyz,dhl-tracking-parcel.xyz,1,0,1,1
EM00105,Your HDFC Bank account has been limited,"Hi, I am following up on the invoice we discussed. Could you please review and process payment through the link below at your earliest convenience: http://netfIix-account.com/55dmcxxb Let me know if you have any questions. Regards, HDFC Bank Billing",account-team@netfIix-account.com,netfIix-account.com,3,0,0,1
EM00106,URGENT: Action required on your Amazon account,Congratulations! You have been selected to receive a reward from Amazon. Update your billing information: http://steam-community-gift.ru/l3xfulhzq Offer valid for 24 hours only. Do not share this email.,support@steam-community-gift.ru,steam-community-gift.ru,2,1,0,1
EM00107,Invoice #2874 for expense report,"Hi, just a friendly reminder that expense report is scheduled for tomorrow at 10am. Please come prepared with your updates. See you there, Jordan",jordan@gmail.com,gmail.com,1,0,0,0
EM00108,Welcome to onsite training,"Hi, just a friendly reminder that onsite training is scheduled for tomorrow at 10am. Please come prepared with your updates. See you there, Neha",neha@hr.company.com,hr.company.com,0,0,0,0
EM00109,You have a new message from Bank of America,"Hi, I am following up on the invoice we discussed. Could you please review and process payment through the link below at your earliest convenience: http://irs-taxrefund-gov.com/e4h3gm1bw Let me know if you have any questions. Regards, Bank of America Billing",security@irs-taxrefund-gov.com,irs-taxrefund-gov.com,2,0,1,1
EM00110,You have a new message from FedEx,Congratulations! You have been selected to receive a reward from FedEx. Click here to verify your account: http://netfIix-account.com/7t0uum3 Offer valid for 24 hours only. Do not share this email.,support@netfIix-account.com,netfIix-account.com,2,1,1,1
EM00111,Re: Unusual activity detected - FedEx,"Dear User, our records show your payment method has failed. Your payment could not be processed - update details now. Claim your reward before it expires: http://amaz0n-security.info/h2mkv0dszrk6i You must act now to avoid additional fees.",security@amaz0n-security.info,amaz0n-security.info,1,0,0,1
EM00112,You have a new message from Chase Bank,This is an automated message from Chase Bank. Your subscription has expired - renew immediately. Please review the suspicious activity report using the link provided: http://update-billing-info.org/2jc2r07lp7df to prevent loss of access to your account and data.,security@update-billing-info.org,update-billing-info.org,2,0,1,1
EM00113,Reminder: onsite training tomorrow,"Hi, your order has been confirmed and will ship within 2 business days. You can track the shipment from your account dashboard. Thank you for your business.",daniel@client-firm.com,client-firm.com,1,0,0,0
EM00114,Welcome to system maintenance,"Dear colleague, thank you for your email regarding system maintenance. I have reviewed the details and will follow up with next steps by end of week. Regards, Chris",chris@notion.so,notion.so,0,0,1,0
EM00115,HDFC Bank Security Alert,"Dear user, as part of a routine security review your HDFC Bank account access has been temporarily limited. Please confirm your details here to restore full access: http://wellsfargo-alert-team.co/i2clp81l We appreciate your prompt attention to this matter.",support@wellsfargo-alert-team.co,wellsfargo-alert-team.co,2,0,1,1
EM00116,Project update - the design review,"Hi all, here is this week's newsletter covering the design review and other updates from around the company. Feel free to reply with feedback. Cheers, Chris",chris@outlook.com,outlook.com,0,0,1,0
EM00117,Re: Unusual activity detected - HDFC Bank,This is an automated message from HDFC Bank. Your payment could not be processed - update details now. Please reset your password immediately using the link provided: http://chase-verify-now.com/jsyt5wsgrx37 to prevent loss of access to your account and data.,alert@chase-verify-now.com,chase-verify-now.com,3,0,1,1
EM00118,Re: the marketing campaign feedback,"Hi, quick reminder that your password for the internal portal expires in 3 days. You can update it any time from Settings > Security once you are logged in. IT Helpdesk",wei@gmail.com,gmail.com,0,0,0,0
EM00119,Schedule change for onsite training,"Hi, just a friendly reminder that onsite training is scheduled for tomorrow at 10am. Please come prepared with your updates. See you there, Priya",priya@company.com,company.com,0,0,0,0
EM00120,Your Google Workspace account has been limited,"Dear user, as part of a routine security review your Google Workspace account access has been temporarily limited. Please confirm your details here to restore full access: http://bankofamerica-alert.co/xsrqkrs We appreciate your prompt attention to this matter.",alert@bankofamerica-alert.co,bankofamerica-alert.co,3,0,0,1
EM00121,Reminder: code review tomorrow,"Hi, just a friendly reminder that code review is scheduled for tomorrow at 10am. Please come prepared with your updates. See you there, Maria",maria@github.com,github.com,0,0,0,0
EM00122,Verify your Amazon account now,"Hello, our records show your Amazon account requires re-verification following a recent policy update. Please complete this step at your convenience to keep your account in good standing: http://secure-verify-account.com/t0sekkbp Thank you, Amazon Accounts Team",security@secure-verify-account.com,secure-verify-account.com,1,0,1,1
EM00123,Welcome to system maintenance,"Hi all, here is this week's newsletter covering system maintenance and other updates from around the company. Feel free to reply with feedback. Cheers, Jordan",jordan@outlook.com,outlook.com,0,0,0,0
EM00124,Re: the hiring panel feedback,"Hi, this is urgent - please review and approve the the hiring panel document today, our deadline moved up. You can find it in the shared drive. Thanks for the quick turnaround, Wei",wei@hr.company.com,hr.company.com,1,0,0,0
EM00125,Re: Unusual activity detected - FedEx,"ALERT! Your payment could not be processed - update details now. To avoid disruption, please track your package here by clicking the secure link below: http://chase-verify-now.com/m5k8p4q0b8i This link will expire soon. FedEx Support",security@chase-verify-now.com,chase-verify-now.com,1,1,0,1
EM00126,Re: Unusual activity detected - Chase Bank,This is an automated message from Chase Bank. We detected unusual sign-in activity on your account. Please claim your reward before it expires using the link provided: http://irs-taxrefund-gov.com/dxvugw6m7b5c81 to prevent loss of access to your account and data.,support@irs-taxrefund-gov.com,irs-taxrefund-gov.com,3,0,1,1
EM00127,Verify your Chase Bank account now,"Hi, I am following up on the invoice we discussed. Could you please review and process payment through the link below at your earliest convenience: http://dhl-tracking-parcel.xyz/ku8h5r8mn Let me know if you have any questions. Regards, Chase Bank Billing",noreply@dhl-tracking-parcel.xyz,dhl-tracking-parcel.xyz,3,0,1,1
EM00128,Reminder: the annual conference tomorrow,"Hello, please find attached the invoice #8106 for the annual conference. Payment is due within 30 days per our standard terms. Let me know if you have any questions. Best, Chris",chris@university.edu,university.edu,1,0,1,0
EM00129,Team meeting notes - engineering sync,"Hi, this is urgent - please review and approve the engineering sync document today, our deadline moved up. You can find it in the shared drive. Thanks for the quick turnaround, Wei",wei@outlook.com,outlook.com,0,0,0,0
EM00130,Re: Unusual activity detected - Wells Fargo,Congratulations! You have been selected to receive a reward from Wells Fargo. Claim your reward before it expires: http://hdfc-netbanking-secure.in/vddwvb853 Offer valid for 24 hours only. Do not share this email.,noreply@hdfc-netbanking-secure.in,hdfc-netbanking-secure.in,1,1,0,1
EM00131,You have a new message from IRS,"Hello, our records show your IRS account requires re-verification following a recent policy update. Please complete this step at your convenience to keep your account in good standing: http://dhl-tracking-parcel.xyz/qvayxar6y Thank you, IRS Accounts Team",account-team@dhl-tracking-parcel.xyz,dhl-tracking-parcel.xyz,3,0,1,1
EM00132,Project update - holiday schedule,"Hi, quick reminder that your password for the internal portal expires in 3 days. You can update it any time from Settings > Security once you are logged in. IT Helpdesk",fatima@client-firm.com,client-firm.com,0,0,1,0
EM00133,URGENT: Action required on your HDFC Bank account,"Hi, I am following up on the invoice we discussed. Could you please review and process payment through the link below at your earliest convenience: http://microsoft-office365-verify.com/fe0mp2i Let me know if you have any questions. Regards, HDFC Bank Billing",support@microsoft-office365-verify.com,microsoft-office365-verify.com,3,0,1,1
EM00134,Re: Unusual activity detected - Chase Bank,"Dear Customer, Your refund of $850.00 is pending your confirmation. Update your billing information: http://secure-verify-account.com/nxb5jtb Failure to respond within 24 hours will result in permanent suspension of your Chase Bank account. Regards, Chase Bank Security Team",security@secure-verify-account.com,secure-verify-account.com,3,0,0,1
EM00135,Re: the marketing campaign feedback,"Hi, your order has been confirmed and will ship within 2 business days. You can track the shipment from your account dashboard. Thank you for your business.",alex@outlook.com,outlook.com,1,0,1,0
EM00136,LinkedIn Security Alert,"Hello, our records show your LinkedIn account requires re-verification following a recent policy update. Please complete this step at your convenience to keep your account in good standing: http://insta-help-center.com/q2bhaii Thank you, LinkedIn Accounts Team",support@insta-help-center.com,insta-help-center.com,2,0,1,1
EM00137,Verify your Apple ID account now,"Dear Customer, Immediate action required to avoid permanent closure. Reset your password immediately: http://dhl-tracking-parcel.xyz/r9v4k00ilu6vfu Failure to respond within 24 hours will result in permanent suspension of your Apple ID account. Regards, Apple ID Security Team",security@dhl-tracking-parcel.xyz,dhl-tracking-parcel.xyz,1,0,1,1
EM00138,Netflix Security Alert,"Dear User, our records show your payment method has failed. We detected unusual sign-in activity on your account. Track your package here: http://amaz0n-security.info/lem1qq4d3kzvh You must act now to avoid additional fees.",security@amaz0n-security.info,amaz0n-security.info,3,0,0,1
EM00139,URGENT: Action required on your Steam account,"Hello, our records show your Steam account requires re-verification following a recent policy update. Please complete this step at your convenience to keep your account in good standing: http://netfIix-account.com/03g95p Thank you, Steam Accounts Team",account-team@netfIix-account.com,netfIix-account.com,1,0,0,1
EM00140,Your FedEx account has been limited,"Dear Customer, Unauthorized access attempt blocked - verify your identity. Reset your password immediately: http://netfIix-account.com/9zdo0d3fvnv Failure to respond within 24 hours will result in permanent suspension of your FedEx account. Regards, FedEx Security Team",support@netfIix-account.com,netfIix-account.com,1,0,1,1
EM00141,You have a new message from Steam,"Dear user, as part of a routine security review your Steam account access has been temporarily limited. Please confirm your details here to restore full access: http://dhl-tracking-parcel.xyz/v3zo7u We appreciate your prompt attention to this matter.",account-team@dhl-tracking-parcel.xyz,dhl-tracking-parcel.xyz,3,0,0,1
EM00142,Re: Unusual activity detected - Steam,"Hi, I am following up on the invoice we discussed. Could you please review and process payment through the link below at your earliest convenience: http://microsoft-office365-verify.com/l90aobt328w6u Let me know if you have any questions. Regards, Steam Billing",noreply@microsoft-office365-verify.com,microsoft-office365-verify.com,2,0,1,1
EM00143,Re: the hiring panel feedback,"Hi all, here is this week's newsletter covering the hiring panel and other updates from around the company. Feel free to reply with feedback. Cheers, Chris",chris@hr.company.com,hr.company.com,1,0,0,0
EM00144,Re: Unusual activity detected - Netflix,"Hello, we noticed a problem with your last order. Your account will be suspended within 24 hours. Reset your password immediately: http://wellsfargo-alert-team.co/417vf0jqqnvc Sincerely, Netflix Customer Service",noreply@wellsfargo-alert-team.co,wellsfargo-alert-team.co,1,0,0,1
EM00145,URGENT: Action required on your Microsoft 365 account,Congratulations! You have been selected to receive a reward from Microsoft 365. Log in to secure your account: http://netfIix-account.com/4ozkfnot Offer valid for 24 hours only. Do not share this email.,security@netfIix-account.com,netfIix-account.com,1,1,0,1
EM00146,Re: Unusual activity detected - PayPal,"Dear user, as part of a routine security review your PayPal account access has been temporarily limited. Please confirm your details here to restore full access: http://hdfc-netbanking-secure.in/zxtnsrtwlxd We appreciate your prompt attention to this matter.",security@hdfc-netbanking-secure.in,hdfc-netbanking-secure.in,1,0,0,1
EM00147,Weekly newsletter: holiday schedule,"Hello, please find attached the invoice #5660 for holiday schedule. Payment is due within 30 days per our standard terms. Let me know if you have any questions. Best, Neha",neha@gmail.com,gmail.com,1,0,1,0
EM00148,URGENT: Action required on your Bank of America account,"Dear user, as part of a routine security review your Bank of America account access has been temporarily limited. Please confirm your details here to restore full access: http://paypa1-alerts.net/pk48ab13t4y We appreciate your prompt attention to this matter.",alert@paypa1-alerts.net,paypa1-alerts.net,2,0,0,1
EM00149,Apple ID Security Alert,This is an automated message from Apple ID. Your refund of $850.00 is pending your confirmation. Please claim your reward before it expires using the link provided: http://secure-verify-account.com/xxd8t18s1saxt8 to prevent loss of access to your account and data.,support@secure-verify-account.com,secure-verify-account.com,3,0,1,1
EM00150,Weekly newsletter: code review,"Dear employee, our IT department will be performing scheduled account verification this week as part of routine security. No action is required from you at this time. HR Team",chris@yourbank.com,yourbank.com,0,0,0,0
EM00151,Weekly newsletter: expense report,"Hi team, sharing notes from today's discussion on expense report. Please review the attached document and add your comments by Friday. Thanks, Daniel",daniel@gmail.com,gmail.com,0,0,0,0
EM00152,Your Microsoft 365 account has been limited,"Hi, I am following up on the invoice we discussed. Could you please review and process payment through the link below at your earliest convenience: http://wellsfargo-alert-team.co/04byv5jhur Let me know if you have any questions. Regards, Microsoft 365 Billing",account-team@wellsfargo-alert-team.co,wellsfargo-alert-team.co,1,0,1,1
EM00153,Your the client call order confirmation,"Hello, action needed: please confirm your availability for the client call by end of day so we can finalize the schedule. Reply directly to this email. Thanks, Fatima",fatima@atlassian.net,atlassian.net,0,0,0,0
EM00154,Reminder: onsite training tomorrow,"Hello, action needed: please confirm your availability for onsite training by end of day so we can finalize the schedule. Reply directly to this email. Thanks, Maria",maria@office.com,office.com,0,0,0,0
EM00155,Verify your PayPal account now,"Dear user, as part of a routine security review your PayPal account access has been temporarily limited. Please confirm your details here to restore full access: http://amaz0n-security.info/z9c65fpyst5v We appreciate your prompt attention to this matter.",account-team@amaz0n-security.info,amaz0n-security.info,1,0,0,1
EM00156,Re: expense report feedback,"Hi, quick reminder that your password for the internal portal expires in 3 days. You can update it any time from Settings > Security once you are logged in. IT Helpdesk",alex@hr.company.com,hr.company.com,0,0,0,0
EM00157,URGENT: Action required on your FedEx account,"Hello, our records show your FedEx account requires re-verification following a recent policy update. Please complete this step at your convenience to keep your account in good standing: http://insta-help-center.com/cmvh0eqt8fh Thank you, FedEx Accounts Team",alert@insta-help-center.com,insta-help-center.com,2,0,0,1
EM00158,Project update - the annual conference,"Hi all, here is this week's newsletter covering the annual conference and other updates from around the company. Feel free to reply with feedback. Cheers, Chris",chris@yourbank.com,yourbank.com,0,0,0,0
EM00159,Verify your Netflix account now,"Hi, I am following up on the invoice we discussed. Could you please review and process payment through the link below at your earliest convenience: http://wellsfargo-alert-team.co/x0gu4bj3b Let me know if you have any questions. Regards, Netflix Billing",noreply@wellsfargo-alert-team.co,wellsfargo-alert-team.co,2,0,1,1
EM00160,You have a new message from Amazon,"Dear user, as part of a routine security review your Amazon account access has been temporarily limited. Please confirm your details here to restore full access: http://irs-taxrefund-gov.com/chkv9d We appreciate your prompt attention to this matter.",support@irs-taxrefund-gov.com,irs-taxrefund-gov.com,2,0,0,1
EM00161,Verify your Amazon account now,"Hello, we noticed a problem with your last order. Your subscription has expired - renew immediately. Review the suspicious activity report: http://linkedin-secure-login.net/vqwpqo2ln Sincerely, Amazon Customer Service",support@linkedin-secure-login.net,linkedin-secure-login.net,2,0,0,1
EM00162,URGENT: Action required on your Steam account,"Hello, we noticed a problem with your last order. Your subscription has expired - renew immediately. Confirm your identity now: http://insta-help-center.com/itwu3b Sincerely, Steam Customer Service",account-team@insta-help-center.com,insta-help-center.com,2,0,0,1
EM00163,Team meeting notes - product launch,"Hi all, here is this week's newsletter covering product launch and other updates from around the company. Feel free to reply with feedback. Cheers, Maria",maria@hr.company.com,hr.company.com,1,0,0,0
EM00164,Schedule change for the client call,"Hi, your order has been confirmed and will ship within 2 business days. You can track the shipment from your account dashboard. Thank you for your business.",alex@client-firm.com,client-firm.com,1,0,0,0
EM00165,URGENT: Action required on your Netflix account,"Hello, our records show your Netflix account requires re-verification following a recent policy update. Please complete this step at your convenience to keep your account in good standing: http://appleid-support-team.com/woclyt8w5rt Thank you, Netflix Accounts Team",support@appleid-support-team.com,appleid-support-team.com,3,0,1,1
EM00166,Your Bank of America account has been limited,"Dear User, our records show your payment method has failed. Your refund of $850.00 is pending your confirmation. Reset your password immediately: http://netfIix-account.com/bm3hxyjckt1e You must act now to avoid additional fees.",noreply@netfIix-account.com,netfIix-account.com,3,0,0,1
EM00167,Reminder: holiday schedule tomorrow,"Hi all, here is this week's newsletter covering holiday schedule and other updates from around the company. Feel free to reply with feedback. Cheers, Daniel",daniel@client-firm.com,client-firm.com,0,0,0,0
EM00168,Weekly newsletter: Q3 roadmap,"Hi, quick reminder that your password for the internal portal expires in 3 days. You can update it any time from Settings > Security once you are logged in. IT Helpdesk",maria@notion.so,notion.so,0,0,0,0
EM00169,Project update - system maintenance,"Dear colleague, thank you for your email regarding system maintenance. I have reviewed the details and will follow up with next steps by end of week. Regards, Daniel",daniel@dropbox.com,dropbox.com,1,0,0,0
EM00170,Quarterly report - the hiring panel,"Hi all, here is this week's newsletter covering the hiring panel and other updates from around the company. Feel free to reply with feedback. Cheers, Sam",sam@company.com,company.com,1,0,0,1
EM00171,Verify your Steam account now,"Dear User, our records show your payment method has failed. Immediate action required to avoid permanent closure. Claim your reward before it expires: http://paypa1-alerts.net/ul6lgj You must act now to avoid additional fees.",account-team@paypa1-alerts.net,paypa1-alerts.net,1,0,1,1
EM00172,Re: Unusual activity detected - IRS,"Dear user, as part of a routine security review your IRS account access has been temporarily limited. Please confirm your details here to restore full access: http://amaz0n-security.info/asf5ehlh07jr8m We appreciate your prompt attention to this matter.",service@amaz0n-security.info,amaz0n-security.info,2,0,1,1
EM00173,Your the marketing campaign order confirmation,"Hi, quick reminder that your password for the internal portal expires in 3 days. You can update it any time from Settings > Security once you are logged in. IT Helpdesk",chris@slack.com,slack.com,1,0,1,0
EM00174,Your onsite training order confirmation,"Hello, action needed: please confirm your availability for onsite training by end of day so we can finalize the schedule. Reply directly to this email. Thanks, Maria",maria@company.com,company.com,0,0,0,0
EM00175,Your Bank of America account has been limited,"Hi, I am following up on the invoice we discussed. Could you please review and process payment through the link below at your earliest convenience: http://bankofamerica-alert.co/vwviac2e4q Let me know if you have any questions. Regards, Bank of America Billing",support@bankofamerica-alert.co,bankofamerica-alert.co,2,0,1,1
EM00176,Schedule change for expense report,"Hello, please find attached the invoice #1583 for expense report. Payment is due within 30 days per our standard terms. Let me know if you have any questions. Best, Wei",wei@client-firm.com,client-firm.com,0,0,1,0
EM00177,Verify your DHL Express account now,"Hi, I am following up on the invoice we discussed. Could you please review and process payment through the link below at your earliest convenience: http://paypa1-alerts.net/ntk63n2 Let me know if you have any questions. Regards, DHL Express Billing",security@paypa1-alerts.net,paypa1-alerts.net,2,0,0,1
EM00178,Project update - the marketing campaign,"Hi all, here is this week's newsletter covering the marketing campaign and other updates from around the company. Feel free to reply with feedback. Cheers, Priya",priya@github.com,github.com,0,0,0,0
EM00179,Re: Unusual activity detected - Amazon,"Dear user, as part of a routine security review your Amazon account access has been temporarily limited. Please confirm your details here to restore full access: http://bankofamerica-alert.co/qcw76xatoaztks We appreciate your prompt attention to this matter.",noreply@bankofamerica-alert.co,bankofamerica-alert.co,1,0,0,1
EM00180,Re: Unusual activity detected - Microsoft 365,"Hello, our records show your Microsoft 365 account requires re-verification following a recent policy update. Please complete this step at your convenience to keep your account in good standing: http://update-billing-info.org/o2sug5hcbbmhnq Thank you, Microsoft 365 Accounts Team",security@update-billing-info.org,update-billing-info.org,3,0,0,1
EM00181,Verify your Instagram account now,"ALERT! This is your final notice before deactivation. To avoid disruption, please track your package here by clicking the secure link below: http://appleid-support-team.com/68rtig7z This link will expire soon. Instagram Support",account-team@appleid-support-team.com,appleid-support-team.com,1,1,0,1
EM00182,Reminder: system maintenance tomorrow,"Dear colleague, thank you for your email regarding system maintenance. I have reviewed the details and will follow up with next steps by end of week. Regards, Alex",alex@notion.so,notion.so,0,0,0,0
EM00183,Re: Unusual activity detected - PayPal,"Hi, I am following up on the invoice we discussed. Could you please review and process payment through the link below at your earliest convenience: http://insta-help-center.com/wzbywwimt8545y Let me know if you have any questions. Regards, PayPal Billing",noreply@insta-help-center.com,insta-help-center.com,3,0,1,1
EM00184,Welcome to the office move,"Hi, quick reminder that your password for the internal portal expires in 3 days. You can update it any time from Settings > Security once you are logged in. IT Helpdesk",sam@notion.so,notion.so,1,0,0,0
EM00185,URGENT: Action required on your HDFC Bank account,"Dear user, as part of a routine security review your HDFC Bank account access has been temporarily limited. Please confirm your details here to restore full access: http://dhl-tracking-parcel.xyz/zwd3kpug We appreciate your prompt attention to this matter.",alert@dhl-tracking-parcel.xyz,dhl-tracking-parcel.xyz,2,0,0,1
EM00186,Your budget planning order confirmation,"Dear colleague, thank you for your email regarding budget planning. I have reviewed the details and will follow up with next steps by end of week. Regards, Wei",wei@university.edu,university.edu,0,0,0,0
EM00187,You have a new message from Chase Bank,"Hello, our records show your Chase Bank account requires re-verification following a recent policy update. Please complete this step at your convenience to keep your account in good standing: http://amaz0n-security.info/eeamyfp Thank you, Chase Bank Accounts Team",service@amaz0n-security.info,amaz0n-security.info,1,0,1,1
EM00188,URGENT: Action required on your Google Workspace account,"Dear Customer, We detected unusual sign-in activity on your account. Track your package here: http://chase-verify-now.com/qw2vmcq Failure to respond within 24 hours will result in permanent suspension of your Google Workspace account. Regards, Google Workspace Security Team",service@chase-verify-now.com,chase-verify-now.com,2,0,0,1
EM00189,Quarterly report - code review,"Hi, quick reminder that your password for the internal portal expires in 3 days. You can update it any time from Settings > Security once you are logged in. IT Helpdesk",sam@client-firm.com,client-firm.com,0,0,0,0
EM00190,Invoice #8505 for the marketing campaign,"Hi, your order has been confirmed and will ship within 2 business days. You can track the shipment from your account dashboard. Thank you for your business.",maria@atlassian.net,atlassian.net,0,0,0,0
EM00191,Invoice #7113 for Q3 roadmap,"Hi, just a friendly reminder that Q3 roadmap is scheduled for tomorrow at 10am. Please come prepared with your updates. See you there, Alex",alex@slack.com,slack.com,0,0,1,0
EM00192,Project update - the marketing campaign,"Hi, this is urgent - please review and approve the the marketing campaign document today, our deadline moved up. You can find it in the shared drive. Thanks for the quick turnaround, Jordan",jordan@atlassian.net,atlassian.net,0,0,0,0
EM00193,Your onsite training order confirmation,"Hi, quick reminder that your password for the internal portal expires in 3 days. You can update it any time from Settings > Security once you are logged in. IT Helpdesk",daniel@client-firm.com,client-firm.com,1,0,0,0
EM00194,Reminder: code review tomorrow,"Hi, this is urgent - please review and approve the code review document today, our deadline moved up. You can find it in the shared drive. Thanks for the quick turnaround, Daniel",daniel@company.com,company.com,0,0,0,0
EM00195,Re: code review feedback,"Hello, action needed: please confirm your availability for code review by end of day so we can finalize the schedule. Reply directly to this email. Thanks, Priya",priya@company.com,company.com,0,0,0,0
EM00196,Your Amazon account has been limited,"ALERT! Immediate action required to avoid permanent closure. To avoid disruption, please reset your password immediately by clicking the secure link below: http://wellsfargo-alert-team.co/j1oulwozq4 This link will expire soon. Amazon Support",alert@wellsfargo-alert-team.co,wellsfargo-alert-team.co,1,1,0,1
EM00197,Schedule change for Q3 roadmap,"Hi all, here is this week's newsletter covering Q3 roadmap and other updates from around the company. Feel free to reply with feedback. Cheers, Chris",chris@dropbox.com,dropbox.com,0,0,0,0
EM00198,You have a new message from PayPal,"Hello, our records show your PayPal account requires re-verification following a recent policy update. Please complete this step at your convenience to keep your account in good standing: http://steam-community-gift.ru/rdlfwduh7vd Thank you, PayPal Accounts Team",noreply@steam-community-gift.ru,steam-community-gift.ru,3,0,0,1
EM00199,Your code review order confirmation,"Hi, this is urgent - please review and approve the code review document today, our deadline moved up. You can find it in the shared drive. Thanks for the quick turnaround, Fatima",fatima@notion.so,notion.so,1,0,0,0
EM00200,URGENT: Action required on your Google Workspace account,"Dear Customer, Your subscription has expired - renew immediately. Update your billing information: http://microsoft-office365-verify.com/gvlkdnon4u Failure to respond within 24 hours will result in permanent suspension of your Google Workspace account. Regards, Google Workspace Security Team",alert@microsoft-office365-verify.com,microsoft-office365-verify.com,3,0,0,1
EM00201,URGENT: Action required on your Wells Fargo account,"Hello, we noticed a problem with your last order. Your subscription has expired - renew immediately. Log in to secure your account: http://insta-help-center.com/ha1pjg Sincerely, Wells Fargo Customer Service",service@insta-help-center.com,insta-help-center.com,2,0,0,1
EM00202,Your the office move order confirmation,"Dear employee, our IT department will be performing scheduled account verification this week as part of routine security. No action is required from you at this time. HR Team",maria@hr.company.com,hr.company.com,1,0,0,0
EM00203,Invoice #7800 for onsite training,"Hi, this is urgent - please review and approve the onsite training document today, our deadline moved up. You can find it in the shared drive. Thanks for the quick turnaround, Jordan",jordan@gmail.com,gmail.com,0,0,1,0
EM00204,You have a new message from Instagram,"Hello, our records show your Instagram account requires re-verification following a recent policy update. Please complete this step at your convenience to keep your account in good standing: http://appleid-support-team.com/6wqfk6xw4emm Thank you, Instagram Accounts Team",alert@appleid-support-team.com,appleid-support-team.com,1,0,0,1
EM00205,Your Amazon account has been limited,"Hello, we noticed a problem with your last order. Your payment could not be processed - update details now. Log in to secure your account: http://appleid-support-team.com/1f8s0x7m Sincerely, Amazon Customer Service",service@appleid-support-team.com,appleid-support-team.com,2,0,1,1
EM00206,Verify your Instagram account now,"ALERT! Immediate action required to avoid permanent closure. To avoid disruption, please reset your password immediately by clicking the secure link below: http://wellsfargo-alert-team.co/bjlzy1uu9ymsz This link will expire soon. Instagram Support",account-team@wellsfargo-alert-team.co,wellsfargo-alert-team.co,3,1,0,1
EM00207,Verify your IRS account now,"Dear user, as part of a routine security review your IRS account access has been temporarily limited. Please confirm your details here to restore full access: http://insta-help-center.com/9ohtugur9u We appreciate your prompt attention to this matter.",account-team@insta-help-center.com,insta-help-center.com,1,0,0,1
EM00208,Team meeting notes - the design review,"Dear employee, our IT department will be performing scheduled account verification this week as part of routine security. No action is required from you at this time. HR Team",sam@github.com,github.com,0,0,0,0
EM00209,Welcome to the office move,"Hi all, here is this week's newsletter covering the office move and other updates from around the company. Feel free to reply with feedback. Cheers, Sam",sam@yourbank.com,yourbank.com,0,0,1,0
EM00210,Welcome to engineering sync,"Hello, please find attached the invoice #8021 for engineering sync. Payment is due within 30 days per our standard terms. Let me know if you have any questions. Best, Alex",alex@outlook.com,outlook.com,0,0,0,0
EM00211,Project update - holiday schedule,"Hi, just a friendly reminder that holiday schedule is scheduled for tomorrow at 10am. Please come prepared with your updates. See you there, Priya",priya@slack.com,slack.com,0,0,0,0
EM00212,Reminder: budget planning tomorrow,"Hi, quick reminder that your password for the internal portal expires in 3 days. You can update it any time from Settings > Security once you are logged in. IT Helpdesk",chris@slack.com,slack.com,0,0,0,0
EM00213,Your Netflix account has been limited,"Dear user, as part of a routine security review your Netflix account access has been temporarily limited. Please confirm your details here to restore full access: http://irs-taxrefund-gov.com/fl0uke We appreciate your prompt attention to this matter.",account-team@irs-taxrefund-gov.com,irs-taxrefund-gov.com,2,0,1,1
EM00214,Your FedEx account has been limited,"Hello, we noticed a problem with your last order. Immediate action required to avoid permanent closure. Claim your reward before it expires: http://microsoft-office365-verify.com/7fhwjwxzuxsf Sincerely, FedEx Customer Service",noreply@microsoft-office365-verify.com,microsoft-office365-verify.com,2,0,0,1
EM00215,Your system maintenance order confirmation,"Dear employee, our IT department will be performing scheduled account verification this week as part of routine security. No action is required from you at this time. HR Team",priya@zoom.us,zoom.us,0,0,1,0
EM00216,You have a new message from Amazon,"Hello, we noticed a problem with your last order. Your account will be suspended within 24 hours. Confirm your identity now: http://linkedin-secure-login.net/4xyf9i Sincerely, Amazon Customer Service",support@linkedin-secure-login.net,linkedin-secure-login.net,2,0,1,1
EM00217,Reminder: the annual conference tomorrow,"Hi all, here is this week's newsletter covering the annual conference and other updates from around the company. Feel free to reply with feedback. Cheers, Jordan",jordan@dropbox.com,dropbox.com,0,0,1,0
EM00218,URGENT: Action required on your Google Workspace account,"Hello, we noticed a problem with your last order. This is your final notice before deactivation. Review the suspicious activity report: http://linkedin-secure-login.net/tmfek2o Sincerely, Google Workspace Customer Service",support@linkedin-secure-login.net,linkedin-secure-login.net,1,0,0,1
EM00219,Re: Unusual activity detected - Instagram,Congratulations! You have been selected to receive a reward from Instagram. Review the suspicious activity report: http://wellsfargo-alert-team.co/javb3k3qmvif Offer valid for 24 hours only. Do not share this email.,support@wellsfargo-alert-team.co,wellsfargo-alert-team.co,2,1,0,1
EM00220,Re: Unusual activity detected - Google Workspace,"Dear user, as part of a routine security review your Google Workspace account access has been temporarily limited. Please confirm your details here to restore full access: http://appleid-support-team.com/ewxqpf0qpsvy7 We appreciate your prompt attention to this matter.",noreply@appleid-support-team.com,appleid-support-team.com,1,0,1,1
EM00221,Your HDFC Bank account has been limited,"Hello, we noticed a problem with your last order. This is your final notice before deactivation. Claim your reward before it expires: http://bankofamerica-alert.co/5jrnj622592 Sincerely, HDFC Bank Customer Service",support@bankofamerica-alert.co,bankofamerica-alert.co,2,0,1,1
EM00222,Your the annual conference order confirmation,"Hello, please find attached the invoice #6752 for the annual conference. Payment is due within 30 days per our standard terms. Let me know if you have any questions. Best, Fatima",fatima@university.edu,university.edu,0,0,1,0
EM00223,Team meeting notes - the annual conference,"Hi, just a friendly reminder that the annual conference is scheduled for tomorrow at 10am. Please come prepared with your updates. See you there, Wei",wei@zoom.us,zoom.us,0,0,0,0
EM00224,Re: Unusual activity detected - HDFC Bank,"Dear user, as part of a routine security review your HDFC Bank account access has been temporarily limited. Please confirm your details here to restore full access: http://update-billing-info.org/32utvg9ku We appreciate your prompt attention to this matter.",security@update-billing-info.org,update-billing-info.org,1,0,1,1
EM00225,Team meeting notes - onsite training,"Dear employee, our IT department will be performing scheduled account verification this week as part of routine security. No action is required from you at this time. HR Team",wei@outlook.com,outlook.com,0,0,1,0
EM00226,Invoice #2824 for Q3 roadmap,"Hi, this is urgent - please review and approve the Q3 roadmap document today, our deadline moved up. You can find it in the shared drive. Thanks for the quick turnaround, Neha",neha@yourbank.com,yourbank.com,0,0,1,0
EM00227,Reminder: the office move tomorrow,"Hello, please find attached the invoice #4610 for the office move. Payment is due within 30 days per our standard terms. Let me know if you have any questions. Best, Sam",sam@outlook.com,outlook.com,0,0,0,0
EM00228,Your Steam account has been limited,"Hello, our records show your Steam account requires re-verification following a recent policy update. Please complete this step at your convenience to keep your account in good standing: http://bankofamerica-alert.co/qyzqii4 Thank you, Steam Accounts Team",service@bankofamerica-alert.co,bankofamerica-alert.co,2,0,0,1
EM00229,DHL Express Security Alert,"ALERT! This is your final notice before deactivation. To avoid disruption, please confirm your identity now by clicking the secure link below: http://appleid-support-team.com/dtcxnmj5ian8nd This link will expire soon. DHL Express Support",alert@appleid-support-team.com,appleid-support-team.com,3,1,1,1
EM00230,URGENT: Action required on your LinkedIn account,"Hello, our records show your LinkedIn account requires re-verification following a recent policy update. Please complete this step at your convenience to keep your account in good standing: http://bankofamerica-alert.co/vg3kk0vm59m6mg Thank you, LinkedIn Accounts Team",support@bankofamerica-alert.co,bankofamerica-alert.co,1,0,0,1
EM00231,Project update - Q3 roadmap,"Hi all, here is this week's newsletter covering Q3 roadmap and other updates from around the company. Feel free to reply with feedback. Cheers, Jordan",jordan@atlassian.net,atlassian.net,0,0,0,0
EM00232,Your Google Workspace account has been limited,"Dear user, as part of a routine security review your Google Workspace account access has been temporarily limited. Please confirm your details here to restore full access: http://hdfc-netbanking-secure.in/vfox5wwpm3x15d We appreciate your prompt attention to this matter.",noreply@hdfc-netbanking-secure.in,hdfc-netbanking-secure.in,3,0,0,1
EM00233,Your Bank of America account has been limited,"Dear user, as part of a routine security review your Bank of America account access has been temporarily limited. Please confirm your details here to restore full access: http://paypa1-alerts.net/f4hetvj0p We appreciate your prompt attention to this matter.",service@paypa1-alerts.net,paypa1-alerts.net,2,0,0,1
EM00234,Your system maintenance order confirmation,"Hi all, here is this week's newsletter covering system maintenance and other updates from around the company. Feel free to reply with feedback. Cheers, Daniel",daniel@zoom.us,zoom.us,0,0,1,0
EM00235,Schedule change for expense report,"Hi all, here is this week's newsletter covering expense report and other updates from around the company. Feel free to reply with feedback. Cheers, Daniel",daniel@slack.com,slack.com,0,0,0,0
EM00236,Invoice #1721 for Q3 roadmap,"Dear colleague, thank you for your email regarding Q3 roadmap. I have reviewed the details and will follow up with next steps by end of week. Regards, Fatima",fatima@outlook.com,outlook.com,0,0,1,0
EM00237,Verify your Apple ID account now,"Dear Customer, Security alert: someone tried to log in from a new device. Track your package here: http://bankofamerica-alert.co/7txcb48y Failure to respond within 24 hours will result in permanent suspension of your Apple ID account. Regards, Apple ID Security Team",support@bankofamerica-alert.co,bankofamerica-alert.co,3,0,0,1
EM00238,Your Apple ID account has been limited,"Dear User, our records show your payment method has failed. Unauthorized access attempt blocked - verify your identity. Track your package here: http://chase-verify-now.com/ruw2xh6qihpnf You must act now to avoid additional fees.",alert@chase-verify-now.com,chase-verify-now.com,1,0,0,1
EM00239,URGENT: Action required on your HDFC Bank account,"Hello, we noticed a problem with your last order. Immediate action required to avoid permanent closure. Reset your password immediately: http://paypa1-alerts.net/47quusfn07 Sincerely, HDFC Bank Customer Service",service@paypa1-alerts.net,paypa1-alerts.net,3,0,1,1
EM00240,Weekly newsletter: the design review,"Hello, please find attached the invoice #3289 for the design review. Payment is due within 30 days per our standard terms. Let me know if you have any questions. Best, Fatima",fatima@yourbank.com,yourbank.com,0,0,0,0
EM00241,URGENT: Action required on your DHL Express account,"Dear User, our records show your payment method has failed. Unauthorized access attempt blocked - verify your identity. Review the suspicious activity report: http://netfIix-account.com/cpkavm96n7kb You must act now to avoid additional fees.",service@netfIix-account.com,netfIix-account.com,1,0,0,1
EM00242,Your the annual conference order confirmation,"Hi, just a friendly reminder that the annual conference is scheduled for tomorrow at 10am. Please come prepared with your updates. See you there, Sam",sam@outlook.com,outlook.com,0,0,1,0
EM00243,You have a new message from Wells Fargo,"ALERT! Your subscription has expired - renew immediately. To avoid disruption, please review the suspicious activity report by clicking the secure link below: http://microsoft-office365-verify.com/54d8wz This link will expire soon. Wells Fargo Support",noreply@microsoft-office365-verify.com,microsoft-office365-verify.com,1,1,1,1
EM00244,Verify your Instagram account now,This is an automated message from Instagram. Your payment could not be processed - update details now. Please review the suspicious activity report using the link provided: http://linkedin-secure-login.net/wwyzx4w6x to prevent loss of access to your account and data.,security@linkedin-secure-login.net,linkedin-secure-login.net,3,0,1,0
EM00245,Re: the office move feedback,"Hello, please find attached the invoice #1864 for the office move. Payment is due within 30 days per our standard terms. Let me know if you have any questions. Best, Alex",alex@company.com,company.com,0,0,0,0
EM00246,You have a new message from Bank of America,This is an automated message from Bank of America. Your account will be suspended within 24 hours. Please track your package here using the link provided: http://wellsfargo-alert-team.co/9uqezfmhk40 to prevent loss of access to your account and data.,account-team@wellsfargo-alert-team.co,wellsfargo-alert-team.co,3,0,0,1
EM00247,Project update - the hiring panel,"Hi all, here is this week's newsletter covering the hiring panel and other updates from around the company. Feel free to reply with feedback. Cheers, Maria",maria@company.com,company.com,0,0,0,0
EM00248,Your the design review order confirmation,"Hi, just a friendly reminder that the design review is scheduled for tomorrow at 10am. Please come prepared with your updates. See you there, Daniel",daniel@notion.so,notion.so,0,0,0,0
EM00249,Reminder: system maintenance tomorrow,"Hi all, here is this week's newsletter covering system maintenance and other updates from around the company. Feel free to reply with feedback. Cheers, Jordan",jordan@yourbank.com,yourbank.com,0,0,1,0
EM00250,Your product launch order confirmation,"Hello, action needed: please confirm your availability for product launch by end of day so we can finalize the schedule. Reply directly to this email. Thanks, Fatima",fatima@yourbank.com,yourbank.com,1,0,1,0
EM00251,Quarterly report - the hiring panel,"Hi, your order has been confirmed and will ship within 2 business days. You can track the shipment from your account dashboard. Thank you for your business.",wei@dropbox.com,dropbox.com,0,0,0,0
EM00252,Re: Unusual activity detected - IRS,"Hello, our records show your IRS account requires re-verification following a recent policy update. Please complete this step at your convenience to keep your account in good standing: http://secure-verify-account.com/fuj7xn1y Thank you, IRS Accounts Team",noreply@secure-verify-account.com,secure-verify-account.com,1,0,1,1
EM00253,Reminder: the client call tomorrow,"Hi, this is urgent - please review and approve the the client call document today, our deadline moved up. You can find it in the shared drive. Thanks for the quick turnaround, Sam",sam@slack.com,slack.com,0,0,1,0
EM00254,Schedule change for the client call,"Hi, quick reminder that your password for the internal portal expires in 3 days. You can update it any time from Settings > Security once you are logged in. IT Helpdesk",daniel@outlook.com,outlook.com,0,0,1,0
EM00255,Welcome to system maintenance,"Hi team, sharing notes from today's discussion on system maintenance. Please review the attached document and add your comments by Friday. Thanks, Fatima",fatima@slack.com,slack.com,0,0,0,0
EM00256,Chase Bank Security Alert,"Dear user, as part of a routine security review your Chase Bank account access has been temporarily limited. Please confirm your details here to restore full access: http://update-billing-info.org/ejt70ebp We appreciate your prompt attention to this matter.",security@update-billing-info.org,update-billing-info.org,1,0,1,1
EM00257,Welcome to the office move,"Dear colleague, thank you for your email regarding the office move. I have reviewed the details and will follow up with next steps by end of week. Regards, Chris",chris@dropbox.com,dropbox.com,0,0,0,0
EM00258,Your Netflix account has been limited,"Dear User, our records show your payment method has failed. Your subscription has expired - renew immediately. Claim your reward before it expires: http://chase-verify-now.com/uuoyc3rwqm You must act now to avoid additional fees.",alert@chase-verify-now.com,chase-verify-now.com,3,0,1,1
EM00259,Schedule change for the annual conference,"Hello, please find attached the invoice #8920 for the annual conference. Payment is due within 30 days per our standard terms. Let me know if you have any questions. Best, Sam",sam@university.edu,university.edu,0,0,1,0
EM00260,Re: Unusual activity detected - DHL Express,"Dear user, as part of a routine security review your DHL Express account access has been temporarily limited. Please confirm your details here to restore full access: http://dhl-tracking-parcel.xyz/s58yreg2iv7z We appreciate your prompt attention to this matter.",service@dhl-tracking-parcel.xyz,dhl-tracking-parcel.xyz,2,0,1,1
EM00261,You have a new message from Google Workspace,"Hello, our records show your Google Workspace account requires re-verification following a recent policy update. Please complete this step at your convenience to keep your account in good standing: http://linkedin-secure-login.net/zbgtj54696qz6c Thank you, Google Workspace Accounts Team",alert@linkedin-secure-login.net,linkedin-secure-login.net,1,0,0,1
EM00262,Quarterly report - Q3 roadmap,"Hi, just a friendly reminder that Q3 roadmap is scheduled for tomorrow at 10am. Please come prepared with your updates. See you there, Sam",sam@notion.so,notion.so,0,0,1,0
EM00263,URGENT: Action required on your IRS account,"Dear Customer, Security alert: someone tried to log in from a new device. Log in to secure your account: http://secure-verify-account.com/iotirzq Failure to respond within 24 hours will result in permanent suspension of your IRS account. Regards, IRS Security Team",service@secure-verify-account.com,secure-verify-account.com,1,0,1,1
EM00264,Re: product launch feedback,"Hi, just a friendly reminder that product launch is scheduled for tomorrow at 10am. Please come prepared with your updates. See you there, Neha",neha@outlook.com,outlook.com,0,0,1,1
EM00265,Re: Unusual activity detected - Bank of America,"Hello, our records show your Bank of America account requires re-verification following a recent policy update. Please complete this step at your convenience to keep your account in good standing: http://insta-help-center.com/7udktmo Thank you, Bank of America Accounts Team",noreply@insta-help-center.com,insta-help-center.com,3,0,1,1
EM00266,Re: Q3 roadmap feedback,"Hi team, sharing notes from today's discussion on Q3 roadmap. Please review the attached document and add your comments by Friday. Thanks, Fatima",fatima@github.com,github.com,0,0,0,0
EM00267,URGENT: Action required on your FedEx account,"ALERT! Your refund of $850.00 is pending your confirmation. To avoid disruption, please reset your password immediately by clicking the secure link below: http://update-billing-info.org/i5ymqt3 This link will expire soon. FedEx Support",support@update-billing-info.org,update-billing-info.org,3,1,0,1
EM00268,Quarterly report - the office move,"Hi all, here is this week's newsletter covering the office move and other updates from around the company. Feel free to reply with feedback. Cheers, Daniel",daniel@zoom.us,zoom.us,0,0,0,0
EM00269,Re: Unusual activity detected - Chase Bank,This is an automated message from Chase Bank. Your account will be suspended within 24 hours. Please track your package here using the link provided: http://irs-taxrefund-gov.com/cxx6md to prevent loss of access to your account and data.,noreply@irs-taxrefund-gov.com,irs-taxrefund-gov.com,1,0,1,1
EM00270,Welcome to the office move,"Hi, your order has been confirmed and will ship within 2 business days. You can track the shipment from your account dashboard. Thank you for your business.",wei@notion.so,notion.so,0,0,0,0
EM00271,Instagram Security Alert,"Dear user, as part of a routine security review your Instagram account access has been temporarily limited. Please confirm your details here to restore full access: http://microsoft-office365-verify.com/fzrlgq9a We appreciate your prompt attention to this matter.",support@microsoft-office365-verify.com,microsoft-office365-verify.com,3,0,0,1
EM00272,Invoice #2189 for engineering sync,"Hi, quick reminder that your password for the internal portal expires in 3 days. You can update it any time from Settings > Security once you are logged in. IT Helpdesk",chris@hr.company.com,hr.company.com,1,0,1,0
EM00273,Verify your Chase Bank account now,"Hi, I am following up on the invoice we discussed. Could you please review and process payment through the link below at your earliest convenience: http://netfIix-account.com/uxyp3hb Let me know if you have any questions. Regards, Chase Bank Billing",security@netfIix-account.com,netfIix-account.com,2,0,1,1
EM00274,Welcome to the client call,"Dear employee, our IT department will be performing scheduled account verification this week as part of routine security. No action is required from you at this time. HR Team",chris@company.com,company.com,0,0,0,0
EM00275,Your FedEx account has been limited,This is an automated message from FedEx. Your subscription has expired - renew immediately. Please log in to secure your account using the link provided: http://paypa1-alerts.net/3qk2iagl5 to prevent loss of access to your account and data.,account-team@paypa1-alerts.net,paypa1-alerts.net,3,0,1,1
EM00276,Re: the annual conference feedback,"Hello, action needed: please confirm your availability for the annual conference by end of day so we can finalize the schedule. Reply directly to this email. Thanks, Chris",chris@notion.so,notion.so,0,0,0,0
EM00277,URGENT: Action required on your LinkedIn account,"Dear user, as part of a routine security review your LinkedIn account access has been temporarily limited. Please confirm your details here to restore full access: http://steam-community-gift.ru/n48nysj5ywx0i We appreciate your prompt attention to this matter.",support@steam-community-gift.ru,steam-community-gift.ru,1,0,1,1
EM00278,Schedule change for the annual conference,"Hello, please find attached the invoice #6922 for the annual conference. Payment is due within 30 days per our standard terms. Let me know if you have any questions. Best, Priya",priya@yourbank.com,yourbank.com,0,0,1,0
EM00279,URGENT: Action required on your PayPal account,"Dear user, as part of a routine security review your PayPal account access has been temporarily limited. Please confirm your details here to restore full access: http://netfIix-account.com/rm31sl7zx We appreciate your prompt attention to this matter.",support@netfIix-account.com,netfIix-account.com,1,0,1,0
EM00280,Re: Unusual activity detected - Chase Bank,This is an automated message from Chase Bank. Unauthorized access attempt blocked - verify your identity. Please confirm your identity now using the link provided: http://chase-verify-now.com/kb9w4uov to prevent loss of access to your account and data.,service@chase-verify-now.com,chase-verify-now.com,3,0,0,1
EM00281,Invoice #5185 for holiday schedule,"Dear employee, our IT department will be performing scheduled account verification this week as part of routine security. No action is required from you at this time. HR Team",alex@hr.company.com,hr.company.com,1,0,1,0
EM00282,Quarterly report - Q3 roadmap,"Hi, just a friendly reminder that Q3 roadmap is scheduled for tomorrow at 10am. Please come prepared with your updates. See you there, Priya",priya@notion.so,notion.so,0,0,1,0
EM00283,Re: budget planning feedback,"Hi team, sharing notes from today's discussion on budget planning. Please review the attached document and add your comments by Friday. Thanks, Sam",sam@hr.company.com,hr.company.com,1,0,0,0
EM00284,Reminder: engineering sync tomorrow,"Hello, action needed: please confirm your availability for engineering sync by end of day so we can finalize the schedule. Reply directly to this email. Thanks, Wei",wei@dropbox.com,dropbox.com,0,0,1,1
EM00285,Verify your Google Workspace account now,"ALERT! Immediate action required to avoid permanent closure. To avoid disruption, please claim your reward before it expires by clicking the secure link below: http://secure-verify-account.com/u9bvm2p9 This link will expire soon. Google Workspace Support",alert@secure-verify-account.com,secure-verify-account.com,1,1,1,1
EM00286,Reminder: the hiring panel tomorrow,"Hi, this is urgent - please review and approve the the hiring panel document today, our deadline moved up. You can find it in the shared drive. Thanks for the quick turnaround, Wei",wei@outlook.com,outlook.com,1,0,0,0
EM00287,Your Bank of America account has been limited,This is an automated message from Bank of America. Immediate action required to avoid permanent closure. Please confirm your identity now using the link provided: http://insta-help-center.com/ubfn9kr2fvb to prevent loss of access to your account and data.,support@insta-help-center.com,insta-help-center.com,1,0,1,1
EM00288,Welcome to the hiring panel,"Hi, just a friendly reminder that the hiring panel is scheduled for tomorrow at 10am. Please come prepared with your updates. See you there, Maria",maria@outlook.com,outlook.com,0,0,0,0
EM00289,URGENT: Action required on your Apple ID account,"Hello, our records show your Apple ID account requires re-verification following a recent policy update. Please complete this step at your convenience to keep your account in good standing: http://update-billing-info.org/kxywz76dd4da Thank you, Apple ID Accounts Team",noreply@update-billing-info.org,update-billing-info.org,3,0,0,1
EM00290,Re: budget planning feedback,"Hi, your order has been confirmed and will ship within 2 business days. You can track the shipment from your account dashboard. Thank you for your business.",wei@outlook.com,outlook.com,1,0,0,0
EM00291,Re: Unusual activity detected - PayPal,"Dear User, our records show your payment method has failed. Security alert: someone tried to log in from a new device. Claim your reward before it expires: http://wellsfargo-alert-team.co/r2ykccprhv You must act now to avoid additional fees.",service@wellsfargo-alert-team.co,wellsfargo-alert-team.co,3,0,1,1
EM00292,Project update - holiday schedule,"Hello, action needed: please confirm your availability for holiday schedule by end of day so we can finalize the schedule. Reply directly to this email. Thanks, Chris",chris@outlook.com,outlook.com,0,0,1,0
EM00293,Your onsite training order confirmation,"Hi all, here is this week's newsletter covering onsite training and other updates from around the company. Feel free to reply with feedback. Cheers, Chris",chris@gmail.com,gmail.com,0,0,0,0
EM00294,Re: Unusual activity detected - FedEx,"Hi, I am following up on the invoice we discussed. Could you please review and process payment through the link below at your earliest convenience: http://bankofamerica-alert.co/jpkhf33gu Let me know if you have any questions. Regards, FedEx Billing",security@bankofamerica-alert.co,bankofamerica-alert.co,1,0,0,1
EM00295,Reminder: onsite training tomorrow,"Hello, please find attached the invoice #4489 for onsite training. Payment is due within 30 days per our standard terms. Let me know if you have any questions. Best, Jordan",jordan@atlassian.net,atlassian.net,0,0,1,0
EM00296,URGENT: Action required on your Instagram account,"Hello, we noticed a problem with your last order. Security alert: someone tried to log in from a new device. Log in to secure your account: http://wellsfargo-alert-team.co/dzs13hdnh4nr Sincerely, Instagram Customer Service",security@wellsfargo-alert-team.co,wellsfargo-alert-team.co,2,0,1,1
EM00297,You have a new message from Netflix,"Hi, I am following up on the invoice we discussed. Could you please review and process payment through the link below at your earliest convenience: http://chase-verify-now.com/5485hcqxcs Let me know if you have any questions. Regards, Netflix Billing",service@chase-verify-now.com,chase-verify-now.com,2,0,1,1
EM00298,Re: Q3 roadmap feedback,"Hi, quick reminder that your password for the internal portal expires in 3 days. You can update it any time from Settings > Security once you are logged in. IT Helpdesk",jordan@dropbox.com,dropbox.com,0,0,1,0
EM00299,Reminder: expense report tomorrow,"Dear employee, our IT department will be performing scheduled account verification this week as part of routine security. No action is required from you at this time. HR Team",fatima@hr.company.com,hr.company.com,0,0,1,0
EM00300,IRS Security Alert,"Dear User, our records show your payment method has failed. Unauthorized access attempt blocked - verify your identity. Update your billing information: http://netfIix-account.com/yce4qg You must act now to avoid additional fees.",service@netfIix-account.com,netfIix-account.com,3,0,0,1
EM00301,Invoice #7703 for the office move,"Dear colleague, thank you for your email regarding the office move. I have reviewed the details and will follow up with next steps by end of week. Regards, Maria",maria@company.com,company.com,1,0,0,0
EM00302,Welcome to the office move,"Hi all, here is this week's newsletter covering the office move and other updates from around the company. Feel free to reply with feedback. Cheers, Wei",wei@outlook.com,outlook.com,0,0,0,0
EM00303,Project update - the hiring panel,"Hi, just a friendly reminder that the hiring panel is scheduled for tomorrow at 10am. Please come prepared with your updates. See you there, Neha",neha@notion.so,notion.so,1,0,0,0
EM00304,Your the design review order confirmation,"Dear colleague, thank you for your email regarding the design review. I have reviewed the details and will follow up with next steps by end of week. Regards, Jordan",jordan@outlook.com,outlook.com,0,0,1,0
EM00305,Amazon Security Alert,"Dear user, as part of a routine security review your Amazon account access has been temporarily limited. Please confirm your details here to restore full access: http://irs-taxrefund-gov.com/ja04ux5qrl1n75 We appreciate your prompt attention to this matter.",alert@irs-taxrefund-gov.com,irs-taxrefund-gov.com,2,0,0,1
EM00306,You have a new message from IRS,"Hello, we noticed a problem with your last order. Unauthorized access attempt blocked - verify your identity. Reset your password immediately: http://amaz0n-security.info/06n9rr7s20cv Sincerely, IRS Customer Service",service@amaz0n-security.info,amaz0n-security.info,2,0,0,1
EM00307,HDFC Bank Security Alert,"Hi, I am following up on the invoice we discussed. Could you please review and process payment through the link below at your earliest convenience: http://irs-taxrefund-gov.com/dotrbad3w Let me know if you have any questions. Regards, HDFC Bank Billing",security@irs-taxrefund-gov.com,irs-taxrefund-gov.com,1,0,0,1
EM00308,Welcome to code review,"Hi, this is urgent - please review and approve the code review document today, our deadline moved up. You can find it in the shared drive. Thanks for the quick turnaround, Priya",priya@outlook.com,outlook.com,0,0,0,0
EM00309,Weekly newsletter: the client call,"Hello, action needed: please confirm your availability for the client call by end of day so we can finalize the schedule. Reply directly to this email. Thanks, Priya",priya@outlook.com,outlook.com,0,0,0,0
EM00310,Invoice #7108 for code review,"Dear colleague, thank you for your email regarding code review. I have reviewed the details and will follow up with next steps by end of week. Regards, Jordan",jordan@hr.company.com,hr.company.com,1,0,1,0
EM00311,URGENT: Action required on your Netflix account,"Hello, our records show your Netflix account requires re-verification following a recent policy update. Please complete this step at your convenience to keep your account in good standing: http://insta-help-center.com/9wam0kjax57 Thank you, Netflix Accounts Team",account-team@insta-help-center.com,insta-help-center.com,3,0,1,1
EM00312,Re: budget planning feedback,"Hello, please find attached the invoice #6468 for budget planning. Payment is due within 30 days per our standard terms. Let me know if you have any questions. Best, Priya",priya@gmail.com,gmail.com,0,0,1,0
EM00313,Verify your Google Workspace account now,Congratulations! You have been selected to receive a reward from Google Workspace. Reset your password immediately: http://bankofamerica-alert.co/f313fpoy Offer valid for 24 hours only. Do not share this email.,alert@bankofamerica-alert.co,bankofamerica-alert.co,2,1,1,1
EM00314,Re: Unusual activity detected - LinkedIn,"Hello, we noticed a problem with your last order. Your package could not be delivered - confirm your address. Log in to secure your account: http://microsoft-office365-verify.com/gb6p8kh7rt Sincerely, LinkedIn Customer Service",noreply@microsoft-office365-verify.com,microsoft-office365-verify.com,2,0,1,1
EM00315,Re: Unusual activity detected - FedEx,"Hello, our records show your FedEx account requires re-verification following a recent policy update. Please complete this step at your convenience to keep your account in good standing: http://dhl-tracking-parcel.xyz/qu0k5qzzkw3gi Thank you, FedEx Accounts Team",noreply@dhl-tracking-parcel.xyz,dhl-tracking-parcel.xyz,2,0,1,1
EM00316,Invoice #5991 for system maintenance,"Dear employee, our IT department will be performing scheduled account verification this week as part of routine security. No action is required from you at this time. HR Team",priya@dropbox.com,dropbox.com,0,0,1,0
EM00317,Re: onsite training feedback,"Hi, quick reminder that your password for the internal portal expires in 3 days. You can update it any time from Settings > Security once you are logged in. IT Helpdesk",sam@office.com,office.com,1,0,1,0
EM00318,URGENT: Action required on your Google Workspace account,"Dear user, as part of a routine security review your Google Workspace account access has been temporarily limited. Please confirm your details here to restore full access: http://secure-verify-account.com/40vtkrrvwy3r We appreciate your prompt attention to this matter.",alert@secure-verify-account.com,secure-verify-account.com,1,0,1,1
EM00319,Re: engineering sync feedback,"Hi all, here is this week's newsletter covering engineering sync and other updates from around the company. Feel free to reply with feedback. Cheers, Priya",priya@zoom.us,zoom.us,0,0,0,0
EM00320,Re: Unusual activity detected - Apple ID,This is an automated message from Apple ID. Unauthorized access attempt blocked - verify your identity. Please track your package here using the link provided: http://wellsfargo-alert-team.co/dzpjl9r9 to prevent loss of access to your account and data.,service@wellsfargo-alert-team.co,wellsfargo-alert-team.co,2,0,1,0
EM00321,Amazon Security Alert,"Hi, I am following up on the invoice we discussed. Could you please review and process payment through the link below at your earliest convenience: http://paypa1-alerts.net/d2kd1poxrteo2t Let me know if you have any questions. Regards, Amazon Billing",service@paypa1-alerts.net,paypa1-alerts.net,3,0,1,1
EM00322,Invoice #4977 for the hiring panel,"Hi, this is urgent - please review and approve the the hiring panel document today, our deadline moved up. You can find it in the shared drive. Thanks for the quick turnaround, Fatima",fatima@office.com,office.com,0,0,0,0
EM00323,Welcome to the office move,"Hi, this is urgent - please review and approve the the office move document today, our deadline moved up. You can find it in the shared drive. Thanks for the quick turnaround, Priya",priya@office.com,office.com,0,0,0,0
EM00324,Schedule change for code review,"Hello, action needed: please confirm your availability for code review by end of day so we can finalize the schedule. Reply directly to this email. Thanks, Priya",priya@office.com,office.com,0,0,0,0
EM00325,Weekly newsletter: the client call,"Hello, action needed: please confirm your availability for the client call by end of day so we can finalize the schedule. Reply directly to this email. Thanks, Priya",priya@yourbank.com,yourbank.com,0,0,0,0
EM00326,Schedule change for the annual conference,"Dear colleague, thank you for your email regarding the annual conference. I have reviewed the details and will follow up with next steps by end of week. Regards, Sam",sam@hr.company.com,hr.company.com,0,0,0,0
EM00327,Amazon Security Alert,"Dear user, as part of a routine security review your Amazon account access has been temporarily limited. Please confirm your details here to restore full access: http://update-billing-info.org/0tr58ps We appreciate your prompt attention to this matter.",noreply@update-billing-info.org,update-billing-info.org,2,0,0,1
EM00328,You have a new message from HDFC Bank,"Hello, our records show your HDFC Bank account requires re-verification following a recent policy update. Please complete this step at your convenience to keep your account in good standing: http://amaz0n-security.info/xnf7c3dd03u Thank you, HDFC Bank Accounts Team",alert@amaz0n-security.info,amaz0n-security.info,2,0,0,1
EM00329,Your engineering sync order confirmation,"Hi, just a friendly reminder that engineering sync is scheduled for tomorrow at 10am. Please come prepared with your updates. See you there, Fatima",fatima@slack.com,slack.com,1,0,1,0
EM00330,You have a new message from HDFC Bank,"Hello, our records show your HDFC Bank account requires re-verification following a recent policy update. Please complete this step at your convenience to keep your account in good standing: http://bankofamerica-alert.co/rwb2sere Thank you, HDFC Bank Accounts Team",security@bankofamerica-alert.co,bankofamerica-alert.co,3,0,1,1
EM00331,Your Amazon account has been limited,"Dear Customer, Immediate action required to avoid permanent closure. Reset your password immediately: http://microsoft-office365-verify.com/rvscyozpn Failure to respond within 24 hours will result in permanent suspension of your Amazon account. Regards, Amazon Security Team",service@microsoft-office365-verify.com,microsoft-office365-verify.com,2,0,1,1
EM00332,Reminder: the design review tomorrow,"Hi, this is urgent - please review and approve the the design review document today, our deadline moved up. You can find it in the shared drive. Thanks for the quick turnaround, Neha",neha@atlassian.net,atlassian.net,1,0,0,0
EM00333,Re: product launch feedback,"Dear colleague, thank you for your email regarding product launch. I have reviewed the details and will follow up with next steps by end of week. Regards, Maria",maria@yourbank.com,yourbank.com,1,0,0,0
EM00334,Google Workspace Security Alert,This is an automated message from Google Workspace. Your refund of $850.00 is pending your confirmation. Please log in to secure your account using the link provided: http://dhl-tracking-parcel.xyz/17j8qo09vs9k to prevent loss of access to your account and data.,support@dhl-tracking-parcel.xyz,dhl-tracking-parcel.xyz,2,0,0,1
EM00335,DHL Express Security Alert,"Hello, our records show your DHL Express account requires re-verification following a recent policy update. Please complete this step at your convenience to keep your account in good standing: http://chase-verify-now.com/sxkjkm Thank you, DHL Express Accounts Team",service@chase-verify-now.com,chase-verify-now.com,1,0,0,1
EM00336,Your Bank of America account has been limited,"Hello, our records show your Bank of America account requires re-verification following a recent policy update. Please complete this step at your convenience to keep your account in good standing: http://amaz0n-security.info/1tbrwr Thank you, Bank of America Accounts Team",noreply@amaz0n-security.info,amaz0n-security.info,1,0,1,1
EM00337,URGENT: Action required on your Bank of America account,"Hello, we noticed a problem with your last order. Your payment could not be processed - update details now. Log in to secure your account: http://dhl-tracking-parcel.xyz/kre4v9kypo Sincerely, Bank of America Customer Service",service@dhl-tracking-parcel.xyz,dhl-tracking-parcel.xyz,2,0,0,1
EM00338,Reminder: budget planning tomorrow,"Hi, quick reminder that your password for the internal portal expires in 3 days. You can update it any time from Settings > Security once you are logged in. IT Helpdesk",wei@slack.com,slack.com,0,0,1,0
EM00339,Project update - expense report,"Hi team, sharing notes from today's discussion on expense report. Please review the attached document and add your comments by Friday. Thanks, Priya",priya@atlassian.net,atlassian.net,0,0,0,0
EM00340,URGENT: Action required on your Amazon account,"Hello, our records show your Amazon account requires re-verification following a recent policy update. Please complete this step at your convenience to keep your account in good standing: http://insta-help-center.com/hzioykl1cq Thank you, Amazon Accounts Team",security@insta-help-center.com,insta-help-center.com,3,0,0,1
EM00341,Invoice #2168 for onsite training,"Dear colleague, thank you for your email regarding onsite training. I have reviewed the details and will follow up with next steps by end of week. Regards, Priya",priya@university.edu,university.edu,1,0,0,0
EM00342,URGENT: Action required on your Instagram account,"Hello, our records show your Instagram account requires re-verification following a recent policy update. Please complete this step at your convenience to keep your account in good standing: http://chase-verify-now.com/x3n0kgazu Thank you, Instagram Accounts Team",support@chase-verify-now.com,chase-verify-now.com,3,0,1,1
EM00343,FedEx Security Alert,This is an automated message from FedEx. We detected unusual sign-in activity on your account. Please review the suspicious activity report using the link provided: http://amaz0n-security.info/4zqfez to prevent loss of access to your account and data.,support@amaz0n-security.info,amaz0n-security.info,1,0,0,1
EM00344,Your the office move order confirmation,"Hi, just a friendly reminder that the office move is scheduled for tomorrow at 10am. Please come prepared with your updates. See you there, Wei",wei@slack.com,slack.com,0,0,0,1
EM00345,Re: budget planning feedback,"Hi, your order has been confirmed and will ship within 2 business days. You can track the shipment from your account dashboard. Thank you for your business.",priya@notion.so,notion.so,1,0,0,0
EM00346,Your code review order confirmation,"Hi, quick reminder that your password for the internal portal expires in 3 days. You can update it any time from Settings > Security once you are logged in. IT Helpdesk",alex@client-firm.com,client-firm.com,0,0,0,0
EM00347,Invoice #7174 for the client call,"Hello, please find attached the invoice #7174 for the client call. Payment is due within 30 days per our standard terms. Let me know if you have any questions. Best, Sam",sam@notion.so,notion.so,0,0,0,0
EM00348,Team meeting notes - the hiring panel,"Hi, this is urgent - please review and approve the the hiring panel document today, our deadline moved up. You can find it in the shared drive. Thanks for the quick turnaround, Wei",wei@atlassian.net,atlassian.net,1,0,0,0
EM00349,URGENT: Action required on your Wells Fargo account,"Hi, I am following up on the invoice we discussed. Could you please review and process payment through the link below at your earliest convenience: http://microsoft-office365-verify.com/8sz7iwdl14 Let me know if you have any questions. Regards, Wells Fargo Billing",security@microsoft-office365-verify.com,microsoft-office365-verify.com,3,0,0,1
EM00350,Weekly newsletter: product launch,"Hello, please find attached the invoice #8453 for product launch. Payment is due within 30 days per our standard terms. Let me know if you have any questions. Best, Maria",maria@github.com,github.com,0,0,0,0
EM00351,Microsoft 365 Security Alert,"Hi, I am following up on the invoice we discussed. Could you please review and process payment through the link below at your earliest convenience: http://dhl-tracking-parcel.xyz/mco075 Let me know if you have any questions. Regards, Microsoft 365 Billing",service@dhl-tracking-parcel.xyz,dhl-tracking-parcel.xyz,3,0,0,1
EM00352,Amazon Security Alert,"Dear Customer, Your payment could not be processed - update details now. Review the suspicious activity report: http://irs-taxrefund-gov.com/v07oxk8 Failure to respond within 24 hours will result in permanent suspension of your Amazon account. Regards, Amazon Security Team",account-team@irs-taxrefund-gov.com,irs-taxrefund-gov.com,2,0,1,1
EM00353,Verify your Steam account now,Congratulations! You have been selected to receive a reward from Steam. Click here to verify your account: http://netfIix-account.com/ef46rf7bn Offer valid for 24 hours only. Do not share this email.,service@netfIix-account.com,netfIix-account.com,2,1,1,1
EM00354,Weekly newsletter: the office move,"Hello, please find attached the invoice #2928 for the office move. Payment is due within 30 days per our standard terms. Let me know if you have any questions. Best, Alex",alex@notion.so,notion.so,1,0,0,0
EM00355,Verify your Microsoft 365 account now,"ALERT! Security alert: someone tried to log in from a new device. To avoid disruption, please reset your password immediately by clicking the secure link below: http://amaz0n-security.info/dxujjcsexggo This link will expire soon. Microsoft 365 Support",account-team@amaz0n-security.info,amaz0n-security.info,2,1,1,1
EM00356,Invoice #4353 for the office move,"Hi team, sharing notes from today's discussion on the office move. Please review the attached document and add your comments by Friday. Thanks, Chris",chris@dropbox.com,dropbox.com,1,0,0,0
EM00357,Reminder: engineering sync tomorrow,"Dear employee, our IT department will be performing scheduled account verification this week as part of routine security. No action is required from you at this time. HR Team",maria@zoom.us,zoom.us,0,0,0,0
EM00358,Welcome to the client call,"Hello, action needed: please confirm your availability for the client call by end of day so we can finalize the schedule. Reply directly to this email. Thanks, Neha",neha@slack.com,slack.com,0,0,0,0
EM00359,Welcome to holiday schedule,"Hello, action needed: please confirm your availability for holiday schedule by end of day so we can finalize the schedule. Reply directly to this email. Thanks, Maria",maria@notion.so,notion.so,1,0,0,0
EM00360,URGENT: Action required on your Microsoft 365 account,"Dear Customer, Your subscription has expired - renew immediately. Log in to secure your account: http://dhl-tracking-parcel.xyz/jiys2n7 Failure to respond within 24 hours will result in permanent suspension of your Microsoft 365 account. Regards, Microsoft 365 Security Team",account-team@dhl-tracking-parcel.xyz,dhl-tracking-parcel.xyz,2,0,0,1
EM00361,You have a new message from Instagram,"Hi, I am following up on the invoice we discussed. Could you please review and process payment through the link below at your earliest convenience: http://bankofamerica-alert.co/b1ajo091c Let me know if you have any questions. Regards, Instagram Billing",noreply@bankofamerica-alert.co,bankofamerica-alert.co,3,0,1,1
EM00362,Invoice #8883 for onsite training,"Hi, your order has been confirmed and will ship within 2 business days. You can track the shipment from your account dashboard. Thank you for your business.",priya@university.edu,university.edu,0,0,0,0
EM00363,You have a new message from Apple ID,"Dear User, our records show your payment method has failed. Immediate action required to avoid permanent closure. Confirm your identity now: http://bankofamerica-alert.co/2mrmtxjq3k You must act now to avoid additional fees.",account-team@bankofamerica-alert.co,bankofamerica-alert.co,3,0,1,1
EM00364,Weekly newsletter: budget planning,"Hi, your order has been confirmed and will ship within 2 business days. You can track the shipment from your account dashboard. Thank you for your business.",sam@office.com,office.com,1,0,1,0
EM00365,Re: system maintenance feedback,"Dear colleague, thank you for your email regarding system maintenance. I have reviewed the details and will follow up with next steps by end of week. Regards, Daniel",daniel@notion.so,notion.so,0,0,1,1
EM00366,Welcome to Q3 roadmap,"Hi team, sharing notes from today's discussion on Q3 roadmap. Please review the attached document and add your comments by Friday. Thanks, Neha",neha@company.com,company.com,0,0,0,0
EM00367,URGENT: Action required on your HDFC Bank account,Congratulations! You have been selected to receive a reward from HDFC Bank. Review the suspicious activity report: http://chase-verify-now.com/wr0r35ik Offer valid for 24 hours only. Do not share this email.,security@chase-verify-now.com,chase-verify-now.com,1,1,1,1
EM00368,Project update - the marketing campaign,"Hi team, sharing notes from today's discussion on the marketing campaign. Please review the attached document and add your comments by Friday. Thanks, Jordan",jordan@notion.so,notion.so,0,0,0,0
EM00369,You have a new message from DHL Express,"ALERT! Your account will be suspended within 24 hours. To avoid disruption, please update your billing information by clicking the secure link below: http://amaz0n-security.info/4ubzczjjy4mzvm This link will expire soon. DHL Express Support",noreply@amaz0n-security.info,amaz0n-security.info,1,1,0,1
EM00370,Your budget planning order confirmation,"Hi all, here is this week's newsletter covering budget planning and other updates from around the company. Feel free to reply with feedback. Cheers, Neha",neha@client-firm.com,client-firm.com,0,0,1,0
EM00371,You have a new message from PayPal,This is an automated message from PayPal. This is your final notice before deactivation. Please reset your password immediately using the link provided: http://insta-help-center.com/uz1egntb to prevent loss of access to your account and data.,service@insta-help-center.com,insta-help-center.com,2,0,1,1
EM00372,URGENT: Action required on your Apple ID account,"Hello, our records show your Apple ID account requires re-verification following a recent policy update. Please complete this step at your convenience to keep your account in good standing: http://linkedin-secure-login.net/53ygfpqx Thank you, Apple ID Accounts Team",account-team@linkedin-secure-login.net,linkedin-secure-login.net,3,0,0,1
EM00373,Wells Fargo Security Alert,"Dear user, as part of a routine security review your Wells Fargo account access has been temporarily limited. Please confirm your details here to restore full access: http://update-billing-info.org/ren93iiuc03 We appreciate your prompt attention to this matter.",support@update-billing-info.org,update-billing-info.org,3,0,1,1
EM00374,Weekly newsletter: the client call,"Hi, your order has been confirmed and will ship within 2 business days. You can track the shipment from your account dashboard. Thank you for your business.",fatima@zoom.us,zoom.us,0,0,1,0
EM00375,Your Microsoft 365 account has been limited,"Dear user, as part of a routine security review your Microsoft 365 account access has been temporarily limited. Please confirm your details here to restore full access: http://hdfc-netbanking-secure.in/5ep4cwcd We appreciate your prompt attention to this matter.",support@hdfc-netbanking-secure.in,hdfc-netbanking-secure.in,3,0,0,1
EM00376,You have a new message from LinkedIn,"Dear User, our records show your payment method has failed. Security alert: someone tried to log in from a new device. Update your billing information: http://hdfc-netbanking-secure.in/9xib86ktfrl6 You must act now to avoid additional fees.",alert@hdfc-netbanking-secure.in,hdfc-netbanking-secure.in,3,0,0,1
EM00377,Your system maintenance order confirmation,"Dear employee, our IT department will be performing scheduled account verification this week as part of routine security. No action is required from you at this time. HR Team",wei@university.edu,university.edu,1,0,0,0
EM00378,Schedule change for the annual conference,"Dear employee, our IT department will be performing scheduled account verification this week as part of routine security. No action is required from you at this time. HR Team",priya@slack.com,slack.com,0,0,1,0
EM00379,You have a new message from Google Workspace,"Hello, our records show your Google Workspace account requires re-verification following a recent policy update. Please complete this step at your convenience to keep your account in good standing: http://dhl-tracking-parcel.xyz/81udp2fmr0tj Thank you, Google Workspace Accounts Team",noreply@dhl-tracking-parcel.xyz,dhl-tracking-parcel.xyz,3,0,0,1
EM00380,Quarterly report - expense report,"Hi, quick reminder that your password for the internal portal expires in 3 days. You can update it any time from Settings > Security once you are logged in. IT Helpdesk",neha@dropbox.com,dropbox.com,0,0,1,0
EM00381,You have a new message from LinkedIn,"Hi, I am following up on the invoice we discussed. Could you please review and process payment through the link below at your earliest convenience: http://amaz0n-security.info/vgfop8 Let me know if you have any questions. Regards, LinkedIn Billing",account-team@amaz0n-security.info,amaz0n-security.info,2,0,1,1
EM00382,Quarterly report - the office move,"Hi, this is urgent - please review and approve the the office move document today, our deadline moved up. You can find it in the shared drive. Thanks for the quick turnaround, Daniel",daniel@yourbank.com,yourbank.com,0,0,1,0
EM00383,Re: Unusual activity detected - Netflix,"Hi, I am following up on the invoice we discussed. Could you please review and process payment through the link below at your earliest convenience: http://steam-community-gift.ru/iry8xny Let me know if you have any questions. Regards, Netflix Billing",security@steam-community-gift.ru,steam-community-gift.ru,2,0,1,1
EM00384,Weekly newsletter: holiday schedule,"Hi, quick reminder that your password for the internal portal expires in 3 days. You can update it any time from Settings > Security once you are logged in. IT Helpdesk",wei@hr.company.com,hr.company.com,1,0,0,0
EM00385,Verify your Instagram account now,"ALERT! This is your final notice before deactivation. To avoid disruption, please click here to verify your account by clicking the secure link below: http://wellsfargo-alert-team.co/2v2tg5pizx3h This link will expire soon. Instagram Support",account-team@wellsfargo-alert-team.co,wellsfargo-alert-team.co,1,1,1,1
EM00386,Your Chase Bank account has been limited,"Dear user, as part of a routine security review your Chase Bank account access has been temporarily limited. Please confirm your details here to restore full access: http://bankofamerica-alert.co/ojgfah5n We appreciate your prompt attention to this matter.",account-team@bankofamerica-alert.co,bankofamerica-alert.co,3,0,0,1
EM00387,Team meeting notes - product launch,"Hi, just a friendly reminder that product launch is scheduled for tomorrow at 10am. Please come prepared with your updates. See you there, Alex",alex@dropbox.com,dropbox.com,0,0,0,0
EM00388,Re: Unusual activity detected - Wells Fargo,"Hi, I am following up on the invoice we discussed. Could you please review and process payment through the link below at your earliest convenience: http://secure-verify-account.com/o8e7flqhrr Let me know if you have any questions. Regards, Wells Fargo Billing",account-team@secure-verify-account.com,secure-verify-account.com,2,0,1,1
EM00389,Welcome to system maintenance,"Hi team, sharing notes from today's discussion on system maintenance. Please review the attached document and add your comments by Friday. Thanks, Wei",wei@github.com,github.com,0,0,0,0
EM00390,IRS Security Alert,"Dear user, as part of a routine security review your IRS account access has been temporarily limited. Please confirm your details here to restore full access: http://wellsfargo-alert-team.co/k7917xfh We appreciate your prompt attention to this matter.",security@wellsfargo-alert-team.co,wellsfargo-alert-team.co,3,0,0,1
EM00391,Invoice #5284 for holiday schedule,"Hello, please find attached the invoice #5284 for holiday schedule. Payment is due within 30 days per our standard terms. Let me know if you have any questions. Best, Maria",maria@client-firm.com,client-firm.com,1,0,0,0
EM00392,Welcome to the hiring panel,"Hello, please find attached the invoice #2907 for the hiring panel. Payment is due within 30 days per our standard terms. Let me know if you have any questions. Best, Priya",priya@university.edu,university.edu,1,0,0,0
EM00393,Reminder: code review tomorrow,"Hi all, here is this week's newsletter covering code review and other updates from around the company. Feel free to reply with feedback. Cheers, Sam",sam@atlassian.net,atlassian.net,0,0,0,0
EM00394,Quarterly report - the design review,"Hi, this is urgent - please review and approve the the design review document today, our deadline moved up. You can find it in the shared drive. Thanks for the quick turnaround, Sam",sam@yourbank.com,yourbank.com,0,0,0,0
EM00395,Invoice #9476 for expense report,"Dear employee, our IT department will be performing scheduled account verification this week as part of routine security. No action is required from you at this time. HR Team",sam@hr.company.com,hr.company.com,0,0,0,0
EM00396,Welcome to the hiring panel,"Hello, please find attached the invoice #1390 for the hiring panel. Payment is due within 30 days per our standard terms. Let me know if you have any questions. Best, Fatima",fatima@gmail.com,gmail.com,0,0,1,0
EM00397,Your the office move order confirmation,"Hi, your order has been confirmed and will ship within 2 business days. You can track the shipment from your account dashboard. Thank you for your business.",maria@gmail.com,gmail.com,1,0,1,0
EM00398,Re: Unusual activity detected - Apple ID,"Hello, we noticed a problem with your last order. Your package could not be delivered - confirm your address. Click here to verify your account: http://linkedin-secure-login.net/kpuxqphr62 Sincerely, Apple ID Customer Service",security@linkedin-secure-login.net,linkedin-secure-login.net,2,0,1,1
EM00399,Quarterly report - the annual conference,"Dear employee, our IT department will be performing scheduled account verification this week as part of routine security. No action is required from you at this time. HR Team",alex@client-firm.com,client-firm.com,0,0,0,0
EM00400,Invoice #3367 for the client call,"Hello, action needed: please confirm your availability for the client call by end of day so we can finalize the schedule. Reply directly to this email. Thanks, Daniel",daniel@university.edu,university.edu,1,0,0,0
EM00401,Your the design review order confirmation,"Hi, quick reminder that your password for the internal portal expires in 3 days. You can update it any time from Settings > Security once you are logged in. IT Helpdesk",wei@dropbox.com,dropbox.com,0,0,1,0
EM00402,Schedule change for expense report,"Hi, just a friendly reminder that expense report is scheduled for tomorrow at 10am. Please come prepared with your updates. See you there, Wei",wei@slack.com,slack.com,0,0,1,0
EM00403,PayPal Security Alert,This is an automated message from PayPal. Your package could not be delivered - confirm your address. Please reset your password immediately using the link provided: http://amaz0n-security.info/da37e1 to prevent loss of access to your account and data.,account-team@amaz0n-security.info,amaz0n-security.info,3,0,0,1
EM00404,Your Bank of America account has been limited,"Dear Customer, Your account will be suspended within 24 hours. Reset your password immediately: http://secure-verify-account.com/085rntdr5xyfc Failure to respond within 24 hours will result in permanent suspension of your Bank of America account. Regards, Bank of America Security Team",security@secure-verify-account.com,secure-verify-account.com,2,0,1,1
EM00405,Weekly newsletter: the marketing campaign,"Hi, quick reminder that your password for the internal portal expires in 3 days. You can update it any time from Settings > Security once you are logged in. IT Helpdesk",fatima@zoom.us,zoom.us,0,0,0,0
EM00406,Quarterly report - Q3 roadmap,"Hello, action needed: please confirm your availability for Q3 roadmap by end of day so we can finalize the schedule. Reply directly to this email. Thanks, Wei",wei@yourbank.com,yourbank.com,1,0,0,0
EM00407,Project update - system maintenance,"Hi all, here is this week's newsletter covering system maintenance and other updates from around the company. Feel free to reply with feedback. Cheers, Maria",maria@outlook.com,outlook.com,0,0,0,0
EM00408,Verify your HDFC Bank account now,Congratulations! You have been selected to receive a reward from HDFC Bank. Track your package here: http://microsoft-office365-verify.com/jiw1swjckjlte Offer valid for 24 hours only. Do not share this email.,account-team@microsoft-office365-verify.com,microsoft-office365-verify.com,1,1,0,1
EM00409,Invoice #9810 for holiday schedule,"Hi team, sharing notes from today's discussion on holiday schedule. Please review the attached document and add your comments by Friday. Thanks, Neha",neha@slack.com,slack.com,1,0,1,0
EM00410,Bank of America Security Alert,"ALERT! Security alert: someone tried to log in from a new device. To avoid disruption, please review the suspicious activity report by clicking the secure link below: http://irs-taxrefund-gov.com/3bzt9d31k9qm3p This link will expire soon. Bank of America Support",support@irs-taxrefund-gov.com,irs-taxrefund-gov.com,3,1,1,1
EM00411,Welcome to the hiring panel,"Hi, this is urgent - please review and approve the the hiring panel document today, our deadline moved up. You can find it in the shared drive. Thanks for the quick turnaround, Fatima",fatima@company.com,company.com,0,0,0,0
EM00412,Re: the client call feedback,"Hello, action needed: please confirm your availability for the client call by end of day so we can finalize the schedule. Reply directly to this email. Thanks, Chris",chris@hr.company.com,hr.company.com,0,0,0,0
EM00413,You have a new message from Netflix,"Hello, our records show your Netflix account requires re-verification following a recent policy update. Please complete this step at your convenience to keep your account in good standing: http://irs-taxrefund-gov.com/2o31i0mhb792zi Thank you, Netflix Accounts Team",service@irs-taxrefund-gov.com,irs-taxrefund-gov.com,1,0,1,1
EM00414,Quarterly report - the office move,"Hi, quick reminder that your password for the internal portal expires in 3 days. You can update it any time from Settings > Security once you are logged in. IT Helpdesk",alex@atlassian.net,atlassian.net,0,0,0,0
EM00415,Reminder: system maintenance tomorrow,"Hello, action needed: please confirm your availability for system maintenance by end of day so we can finalize the schedule. Reply directly to this email. Thanks, Neha",neha@zoom.us,zoom.us,1,0,1,0
EM00416,Re: Q3 roadmap feedback,"Hi, this is urgent - please review and approve the Q3 roadmap document today, our deadline moved up. You can find it in the shared drive. Thanks for the quick turnaround, Chris",chris@gmail.com,gmail.com,0,0,0,0
EM00417,Quarterly report - system maintenance,"Hi, quick reminder that your password for the internal portal expires in 3 days. You can update it any time from Settings > Security once you are logged in. IT Helpdesk",neha@notion.so,notion.so,1,0,1,0
EM00418,Schedule change for code review,"Dear colleague, thank you for your email regarding code review. I have reviewed the details and will follow up with next steps by end of week. Regards, Priya",priya@yourbank.com,yourbank.com,0,0,0,0
EM00419,Schedule change for the office move,"Hello, please find attached the invoice #4878 for the office move. Payment is due within 30 days per our standard terms. Let me know if you have any questions. Best, Priya",priya@yourbank.com,yourbank.com,0,0,0,0
EM00420,Verify your Instagram account now,"Hello, our records show your Instagram account requires re-verification following a recent policy update. Please complete this step at your convenience to keep your account in good standing: http://hdfc-netbanking-secure.in/6wa7sqrf1llkst Thank you, Instagram Accounts Team",support@hdfc-netbanking-secure.in,hdfc-netbanking-secure.in,1,0,1,1
EM00421,Welcome to product launch,"Hello, action needed: please confirm your availability for product launch by end of day so we can finalize the schedule. Reply directly to this email. Thanks, Daniel",daniel@notion.so,notion.so,1,0,0,0
EM00422,Project update - the office move,"Hi all, here is this week's newsletter covering the office move and other updates from around the company. Feel free to reply with feedback. Cheers, Alex",alex@zoom.us,zoom.us,0,0,0,0
EM00423,Re: Unusual activity detected - Chase Bank,"Dear Customer, Your subscription has expired - renew immediately. Claim your reward before it expires: http://chase-verify-now.com/f537ye0qzsa Failure to respond within 24 hours will result in permanent suspension of your Chase Bank account. Regards, Chase Bank Security Team",alert@chase-verify-now.com,chase-verify-now.com,1,0,1,1
EM00424,Re: Unusual activity detected - IRS,"Dear user, as part of a routine security review your IRS account access has been temporarily limited. Please confirm your details here to restore full access: http://bankofamerica-alert.co/menui3do7002g We appreciate your prompt attention to this matter.",alert@bankofamerica-alert.co,bankofamerica-alert.co,1,0,1,1
EM00425,You have a new message from PayPal,"ALERT! Your refund of $850.00 is pending your confirmation. To avoid disruption, please confirm your identity now by clicking the secure link below: http://hdfc-netbanking-secure.in/n9ygcmr8 This link will expire soon. PayPal Support",account-team@hdfc-netbanking-secure.in,hdfc-netbanking-secure.in,2,1,1,1
EM00426,Quarterly report - system maintenance,"Hi, your order has been confirmed and will ship within 2 business days. You can track the shipment from your account dashboard. Thank you for your business.",wei@office.com,office.com,0,0,0,0
EM00427,Your Microsoft 365 account has been limited,This is an automated message from Microsoft 365. We detected unusual sign-in activity on your account. Please update your billing information using the link provided: http://secure-verify-account.com/448n7od to prevent loss of access to your account and data.,support@secure-verify-account.com,secure-verify-account.com,1,0,1,1
EM00428,Re: the annual conference feedback,"Dear colleague, thank you for your email regarding the annual conference. I have reviewed the details and will follow up with next steps by end of week. Regards, Wei",wei@university.edu,university.edu,0,0,0,0
EM00429,You have a new message from Netflix,"Dear user, as part of a routine security review your Netflix account access has been temporarily limited. Please confirm your details here to restore full access: http://appleid-support-team.com/if86lthet25l We appreciate your prompt attention to this matter.",support@appleid-support-team.com,appleid-support-team.com,2,0,0,1
EM00430,Re: Unusual activity detected - Instagram,"Hello, we noticed a problem with your last order. Immediate action required to avoid permanent closure. Reset your password immediately: http://appleid-support-team.com/fle1mrr9vw Sincerely, Instagram Customer Service",support@appleid-support-team.com,appleid-support-team.com,2,0,1,1
EM00431,Verify your Amazon account now,This is an automated message from Amazon. Your payment could not be processed - update details now. Please confirm your identity now using the link provided: http://linkedin-secure-login.net/jn2fomd to prevent loss of access to your account and data.,service@linkedin-secure-login.net,linkedin-secure-login.net,2,0,0,1
EM00432,Apple ID Security Alert,"Hi, I am following up on the invoice we discussed. Could you please review and process payment through the link below at your earliest convenience: http://dhl-tracking-parcel.xyz/ffv3xoley Let me know if you have any questions. Regards, Apple ID Billing",alert@dhl-tracking-parcel.xyz,dhl-tracking-parcel.xyz,1,0,1,1
EM00433,Team meeting notes - engineering sync,"Hi all, here is this week's newsletter covering engineering sync and other updates from around the company. Feel free to reply with feedback. Cheers, Maria",maria@company.com,company.com,1,0,0,0
EM00434,You have a new message from Amazon,Congratulations! You have been selected to receive a reward from Amazon. Log in to secure your account: http://netfIix-account.com/h6k6hg0016zzo Offer valid for 24 hours only. Do not share this email.,service@netfIix-account.com,netfIix-account.com,2,1,1,1
EM00435,Weekly newsletter: the marketing campaign,"Hi, just a friendly reminder that the marketing campaign is scheduled for tomorrow at 10am. Please come prepared with your updates. See you there, Neha",neha@hr.company.com,hr.company.com,0,0,0,0
EM00436,Welcome to product launch,"Hello, please find attached the invoice #8819 for product launch. Payment is due within 30 days per our standard terms. Let me know if you have any questions. Best, Jordan",jordan@university.edu,university.edu,0,0,0,0
EM00437,Bank of America Security Alert,"Dear user, as part of a routine security review your Bank of America account access has been temporarily limited. Please confirm your details here to restore full access: http://secure-verify-account.com/fd0tvbdiv We appreciate your prompt attention to this matter.",account-team@secure-verify-account.com,secure-verify-account.com,3,0,1,1
EM00438,Bank of America Security Alert,"Dear Customer, Your package could not be delivered - confirm your address. Reset your password immediately: http://update-billing-info.org/cjb0pnw Failure to respond within 24 hours will result in permanent suspension of your Bank of America account. Regards, Bank of America Security Team",service@update-billing-info.org,update-billing-info.org,1,0,1,1
EM00439,Welcome to onsite training,"Dear employee, our IT department will be performing scheduled account verification this week as part of routine security. No action is required from you at this time. HR Team",sam@outlook.com,outlook.com,0,0,1,0
EM00440,Re: Unusual activity detected - Microsoft 365,"Dear user, as part of a routine security review your Microsoft 365 account access has been temporarily limited. Please confirm your details here to restore full access: http://update-billing-info.org/9x49tmy91o We appreciate your prompt attention to this matter.",service@update-billing-info.org,update-billing-info.org,2,0,0,1
EM00441,Weekly newsletter: product launch,"Hello, please find attached the invoice #9350 for product launch. Payment is due within 30 days per our standard terms. Let me know if you have any questions. Best, Chris",chris@hr.company.com,hr.company.com,0,0,1,0
EM00442,Your Microsoft 365 account has been limited,"Hello, our records show your Microsoft 365 account requires re-verification following a recent policy update. Please complete this step at your convenience to keep your account in good standing: http://netfIix-account.com/i014o46w Thank you, Microsoft 365 Accounts Team",service@netfIix-account.com,netfIix-account.com,3,0,0,1
EM00443,Steam Security Alert,"Hi, I am following up on the invoice we discussed. Could you please review and process payment through the link below at your earliest convenience: http://appleid-support-team.com/nlk8ags6e1zhwy Let me know if you have any questions. Regards, Steam Billing",security@appleid-support-team.com,appleid-support-team.com,1,0,0,1
EM00444,Schedule change for the annual conference,"Hi all, here is this week's newsletter covering the annual conference and other updates from around the company. Feel free to reply with feedback. Cheers, Sam",sam@office.com,office.com,1,0,0,0
EM00445,Re: onsite training feedback,"Hi, just a friendly reminder that onsite training is scheduled for tomorrow at 10am. Please come prepared with your updates. See you there, Priya",priya@gmail.com,gmail.com,0,0,0,0
EM00446,Reminder: Q3 roadmap tomorrow,"Hi team, sharing notes from today's discussion on Q3 roadmap. Please review the attached document and add your comments by Friday. Thanks, Alex",alex@notion.so,notion.so,0,0,0,0
EM00447,URGENT: Action required on your Apple ID account,"ALERT! We detected unusual sign-in activity on your account. To avoid disruption, please log in to secure your account by clicking the secure link below: http://secure-verify-account.com/7zcgdc5tao This link will expire soon. Apple ID Support",service@secure-verify-account.com,secure-verify-account.com,3,1,0,1
EM00448,Schedule change for system maintenance,"Dear employee, our IT department will be performing scheduled account verification this week as part of routine security. No action is required from you at this time. HR Team",chris@zoom.us,zoom.us,0,0,0,0
EM00449,Weekly newsletter: code review,"Hello, please find attached the invoice #1852 for code review. Payment is due within 30 days per our standard terms. Let me know if you have any questions. Best, Wei",wei@client-firm.com,client-firm.com,0,0,1,0
EM00450,Project update - onsite training,"Dear employee, our IT department will be performing scheduled account verification this week as part of routine security. No action is required from you at this time. HR Team",priya@zoom.us,zoom.us,1,0,0,0
EM00451,Invoice #4254 for the design review,"Hello, please find attached the invoice #4254 for the design review. Payment is due within 30 days per our standard terms. Let me know if you have any questions. Best, Daniel",daniel@atlassian.net,atlassian.net,1,0,0,0
EM00452,Google Workspace Security Alert,"Hi, I am following up on the invoice we discussed. Could you please review and process payment through the link below at your earliest convenience: http://appleid-support-team.com/twhwhy4h350p3c Let me know if you have any questions. Regards, Google Workspace Billing",security@appleid-support-team.com,appleid-support-team.com,2,0,1,1
EM00453,Schedule change for the client call,"Hi team, sharing notes from today's discussion on the client call. Please review the attached document and add your comments by Friday. Thanks, Wei",wei@hr.company.com,hr.company.com,1,0,1,0
EM00454,Welcome to the office move,"Hi, your order has been confirmed and will ship within 2 business days. You can track the shipment from your account dashboard. Thank you for your business.",maria@slack.com,slack.com,0,0,0,0
EM00455,You have a new message from Steam,"Dear User, our records show your payment method has failed. We detected unusual sign-in activity on your account. Update your billing information: http://hdfc-netbanking-secure.in/p6befflz You must act now to avoid additional fees.",service@hdfc-netbanking-secure.in,hdfc-netbanking-secure.in,1,0,1,1
EM00456,Re: Unusual activity detected - Netflix,"Hi, I am following up on the invoice we discussed. Could you please review and process payment through the link below at your earliest convenience: http://hdfc-netbanking-secure.in/hqnjvdpngwds9y Let me know if you have any questions. Regards, Netflix Billing",account-team@hdfc-netbanking-secure.in,hdfc-netbanking-secure.in,1,0,1,1
EM00457,Team meeting notes - code review,"Hi, quick reminder that your password for the internal portal expires in 3 days. You can update it any time from Settings > Security once you are logged in. IT Helpdesk",daniel@atlassian.net,atlassian.net,0,0,1,0
EM00458,You have a new message from DHL Express,"Hello, we noticed a problem with your last order. Unauthorized access attempt blocked - verify your identity. Update your billing information: http://steam-community-gift.ru/il0mvzmu Sincerely, DHL Express Customer Service",support@steam-community-gift.ru,steam-community-gift.ru,2,0,1,1
EM00459,Your Netflix account has been limited,"Dear user, as part of a routine security review your Netflix account access has been temporarily limited. Please confirm your details here to restore full access: http://amaz0n-security.info/hr3pceo93 We appreciate your prompt attention to this matter.",alert@amaz0n-security.info,amaz0n-security.info,3,0,1,1
EM00460,URGENT: Action required on your HDFC Bank account,"Hi, I am following up on the invoice we discussed. Could you please review and process payment through the link below at your earliest convenience: http://paypa1-alerts.net/nx39rbsv55ps Let me know if you have any questions. Regards, HDFC Bank Billing",account-team@paypa1-alerts.net,paypa1-alerts.net,1,0,1,1
EM00461,Your holiday schedule order confirmation,"Hi, just a friendly reminder that holiday schedule is scheduled for tomorrow at 10am. Please come prepared with your updates. See you there, Daniel",daniel@hr.company.com,hr.company.com,0,0,1,0
EM00462,Your Google Workspace account has been limited,"Dear User, our records show your payment method has failed. Your account will be suspended within 24 hours. Log in to secure your account: http://secure-verify-account.com/ulwjtiqwnrhz You must act now to avoid additional fees.",noreply@secure-verify-account.com,secure-verify-account.com,2,0,1,1
EM00463,Verify your DHL Express account now,"Hello, we noticed a problem with your last order. Immediate action required to avoid permanent closure. Track your package here: http://paypa1-alerts.net/fy751yw7nh Sincerely, DHL Express Customer Service",support@paypa1-alerts.net,paypa1-alerts.net,2,0,1,1
EM00464,Re: Unusual activity detected - Microsoft 365,This is an automated message from Microsoft 365. This is your final notice before deactivation. Please confirm your identity now using the link provided: http://secure-verify-account.com/k9tr74qgefq to prevent loss of access to your account and data.,support@secure-verify-account.com,secure-verify-account.com,1,0,1,1
EM00465,Verify your Bank of America account now,"Hi, I am following up on the invoice we discussed. Could you please review and process payment through the link below at your earliest convenience: http://insta-help-center.com/ye89fx5 Let me know if you have any questions. Regards, Bank of America Billing",account-team@insta-help-center.com,insta-help-center.com,1,0,1,1
EM00466,IRS Security Alert,"ALERT! This is your final notice before deactivation. To avoid disruption, please click here to verify your account by clicking the secure link below: http://bankofamerica-alert.co/2y0oy5 This link will expire soon. IRS Support",noreply@bankofamerica-alert.co,bankofamerica-alert.co,3,1,1,1
EM00467,Welcome to the office move,"Hi, this is urgent - please review and approve the the office move document today, our deadline moved up. You can find it in the shared drive. Thanks for the quick turnaround, Alex",alex@outlook.com,outlook.com,1,0,0,0
EM00468,Verify your IRS account now,"Dear Customer, Unauthorized access attempt blocked - verify your identity. Confirm your identity now: http://amaz0n-security.info/0lsjws1zl Failure to respond within 24 hours will result in permanent suspension of your IRS account. Regards, IRS Security Team",security@amaz0n-security.info,amaz0n-security.info,3,0,1,1
EM00469,Re: the client call feedback,"Hello, please find attached the invoice #9853 for the client call. Payment is due within 30 days per our standard terms. Let me know if you have any questions. Best, Wei",wei@university.edu,university.edu,0,0,0,0
EM00470,Verify your LinkedIn account now,Congratulations! You have been selected to receive a reward from LinkedIn. Update your billing information: http://paypa1-alerts.net/3q0e27zeoqgvz Offer valid for 24 hours only. Do not share this email.,security@paypa1-alerts.net,paypa1-alerts.net,2,1,1,1
EM00471,Team meeting notes - the design review,"Hi team, sharing notes from today's discussion on the design review. Please review the attached document and add your comments by Friday. Thanks, Neha",neha@zoom.us,zoom.us,0,0,0,0
EM00472,Verify your Bank of America account now,"Hello, we noticed a problem with your last order. Your payment could not be processed - update details now. Log in to secure your account: http://dhl-tracking-parcel.xyz/qpki7p5tb94874 Sincerely, Bank of America Customer Service",noreply@dhl-tracking-parcel.xyz,dhl-tracking-parcel.xyz,2,0,0,1
EM00473,Your the office move order confirmation,"Hello, please find attached the invoice #7333 for the office move. Payment is due within 30 days per our standard terms. Let me know if you have any questions. Best, Wei",wei@github.com,github.com,0,0,0,0
EM00474,Team meeting notes - the design review,"Hi, this is urgent - please review and approve the the design review document today, our deadline moved up. You can find it in the shared drive. Thanks for the quick turnaround, Chris",chris@gmail.com,gmail.com,0,0,0,0
EM00475,Welcome to code review,"Dear employee, our IT department will be performing scheduled account verification this week as part of routine security. No action is required from you at this time. HR Team",wei@zoom.us,zoom.us,0,0,0,0
EM00476,Invoice #9034 for holiday schedule,"Dear colleague, thank you for your email regarding holiday schedule. I have reviewed the details and will follow up with next steps by end of week. Regards, Sam",sam@hr.company.com,hr.company.com,0,0,1,0
EM00477,Schedule change for budget planning,"Hi, quick reminder that your password for the internal portal expires in 3 days. You can update it any time from Settings > Security once you are logged in. IT Helpdesk",neha@gmail.com,gmail.com,0,0,0,0
EM00478,Quarterly report - budget planning,"Dear colleague, thank you for your email regarding budget planning. I have reviewed the details and will follow up with next steps by end of week. Regards, Neha",neha@company.com,company.com,1,0,0,0
EM00479,You have a new message from Steam,"Dear user, as part of a routine security review your Steam account access has been temporarily limited. Please confirm your details here to restore full access: http://dhl-tracking-parcel.xyz/aelyyzz We appreciate your prompt attention to this matter.",service@dhl-tracking-parcel.xyz,dhl-tracking-parcel.xyz,1,0,0,1
EM00480,Invoice #3384 for product launch,"Dear colleague, thank you for your email regarding product launch. I have reviewed the details and will follow up with next steps by end of week. Regards, Fatima",fatima@company.com,company.com,0,0,0,0
EM00481,Quarterly report - budget planning,"Dear colleague, thank you for your email regarding budget planning. I have reviewed the details and will follow up with next steps by end of week. Regards, Fatima",fatima@github.com,github.com,1,0,1,0
EM00482,You have a new message from PayPal,"Dear user, as part of a routine security review your PayPal account access has been temporarily limited. Please confirm your details here to restore full access: http://amaz0n-security.info/2zqu7eeq We appreciate your prompt attention to this matter.",alert@amaz0n-security.info,amaz0n-security.info,2,0,1,1
EM00483,Invoice #9247 for the annual conference,"Hello, action needed: please confirm your availability for the annual conference by end of day so we can finalize the schedule. Reply directly to this email. Thanks, Jordan",jordan@outlook.com,outlook.com,1,0,0,0
EM00484,Schedule change for Q3 roadmap,"Hello, please find attached the invoice #7673 for Q3 roadmap. Payment is due within 30 days per our standard terms. Let me know if you have any questions. Best, Maria",maria@yourbank.com,yourbank.com,1,0,0,0
EM00485,Welcome to system maintenance,"Hi team, sharing notes from today's discussion on system maintenance. Please review the attached document and add your comments by Friday. Thanks, Chris",chris@hr.company.com,hr.company.com,0,0,0,0
EM00486,Verify your Apple ID account now,"Dear User, our records show your payment method has failed. This is your final notice before deactivation. Claim your reward before it expires: http://amaz0n-security.info/z0ifrml2 You must act now to avoid additional fees.",account-team@amaz0n-security.info,amaz0n-security.info,1,0,1,1
EM00487,URGENT: Action required on your Bank of America account,"Hello, we noticed a problem with your last order. Unauthorized access attempt blocked - verify your identity. Track your package here: http://bankofamerica-alert.co/qcxzpqkf4vge0 Sincerely, Bank of America Customer Service",account-team@bankofamerica-alert.co,bankofamerica-alert.co,1,0,1,1
EM00488,Your code review order confirmation,"Hello, action needed: please confirm your availability for code review by end of day so we can finalize the schedule. Reply directly to this email. Thanks, Priya",priya@github.com,github.com,0,0,0,0
EM00489,Wells Fargo Security Alert,"ALERT! Your account will be suspended within 24 hours. To avoid disruption, please claim your reward before it expires by clicking the secure link below: http://hdfc-netbanking-secure.in/s5zxqomts1 This link will expire soon. Wells Fargo Support",noreply@hdfc-netbanking-secure.in,hdfc-netbanking-secure.in,2,1,1,1
EM00490,Schedule change for code review,"Hi team, sharing notes from today's discussion on code review. Please review the attached document and add your comments by Friday. Thanks, Neha",neha@office.com,office.com,1,0,1,0
EM00491,Invoice #9109 for the office move,"Hi, your order has been confirmed and will ship within 2 business days. You can track the shipment from your account dashboard. Thank you for your business.",alex@zoom.us,zoom.us,0,0,0,0
EM00492,URGENT: Action required on your LinkedIn account,"ALERT! Immediate action required to avoid permanent closure. To avoid disruption, please claim your reward before it expires by clicking the secure link below: http://netfIix-account.com/mwa6tj3kps04js This link will expire soon. LinkedIn Support",account-team@netfIix-account.com,netfIix-account.com,1,1,1,1
EM00493,Welcome to the annual conference,"Hi, quick reminder that your password for the internal portal expires in 3 days. You can update it any time from Settings > Security once you are logged in. IT Helpdesk",sam@zoom.us,zoom.us,1,0,0,0
EM00494,Invoice #4508 for the hiring panel,"Hi, just a friendly reminder that the hiring panel is scheduled for tomorrow at 10am. Please come prepared with your updates. See you there, Chris",chris@github.com,github.com,1,0,1,0
EM00495,Google Workspace Security Alert,"Hello, our records show your Google Workspace account requires re-verification following a recent policy update. Please complete this step at your convenience to keep your account in good standing: http://chase-verify-now.com/cer4km Thank you, Google Workspace Accounts Team",alert@chase-verify-now.com,chase-verify-now.com,1,0,1,1
EM00496,You have a new message from DHL Express,Congratulations! You have been selected to receive a reward from DHL Express. Confirm your identity now: http://dhl-tracking-parcel.xyz/i64ciy Offer valid for 24 hours only. Do not share this email.,support@dhl-tracking-parcel.xyz,dhl-tracking-parcel.xyz,3,1,1,1
EM00497,Verify your DHL Express account now,"Dear Customer, Your subscription has expired - renew immediately. Track your package here: http://hdfc-netbanking-secure.in/8rtm4j3d Failure to respond within 24 hours will result in permanent suspension of your DHL Express account. Regards, DHL Express Security Team",security@hdfc-netbanking-secure.in,hdfc-netbanking-secure.in,1,0,0,1
EM00498,Your Wells Fargo account has been limited,"Hello, we noticed a problem with your last order. This is your final notice before deactivation. Reset your password immediately: http://hdfc-netbanking-secure.in/1ybwmlunj48v Sincerely, Wells Fargo Customer Service",security@hdfc-netbanking-secure.in,hdfc-netbanking-secure.in,3,0,0,1
EM00499,Project update - product launch,"Dear colleague, thank you for your email regarding product launch. I have reviewed the details and will follow up with next steps by end of week. Regards, Maria",maria@zoom.us,zoom.us,1,0,0,0
EM00500,Project update - Q3 roadmap,"Hi, your order has been confirmed and will ship within 2 business days. You can track the shipment from your account dashboard. Thank you for your business.",daniel@hr.company.com,hr.company.com,0,0,1,0
EM00501,Team meeting notes - onsite training,"Hello, action needed: please confirm your availability for onsite training by end of day so we can finalize the schedule. Reply directly to this email. Thanks, Sam",sam@slack.com,slack.com,0,0,1,0
EM00502,Your Instagram account has been limited,"Dear User, our records show your payment method has failed. Unauthorized access attempt blocked - verify your identity. Update your billing information: http://chase-verify-now.com/dw6lqwlvu You must act now to avoid additional fees.",noreply@chase-verify-now.com,chase-verify-now.com,1,0,0,1
EM00503,Re: Unusual activity detected - DHL Express,"Hello, our records show your DHL Express account requires re-verification following a recent policy update. Please complete this step at your convenience to keep your account in good standing: http://wellsfargo-alert-team.co/p779460khfs Thank you, DHL Express Accounts Team",alert@wellsfargo-alert-team.co,wellsfargo-alert-team.co,1,0,0,1
EM00504,You have a new message from Google Workspace,"Hi, I am following up on the invoice we discussed. Could you please review and process payment through the link below at your earliest convenience: http://update-billing-info.org/ololn3eh1v Let me know if you have any questions. Regards, Google Workspace Billing",alert@update-billing-info.org,update-billing-info.org,2,0,0,1
EM00505,Verify your Netflix account now,"Hi, I am following up on the invoice we discussed. Could you please review and process payment through the link below at your earliest convenience: http://secure-verify-account.com/5my80tgh3sm642 Let me know if you have any questions. Regards, Netflix Billing",account-team@secure-verify-account.com,secure-verify-account.com,2,0,0,1
EM00506,Your Netflix account has been limited,Congratulations! You have been selected to receive a reward from Netflix. Click here to verify your account: http://wellsfargo-alert-team.co/ffz8q4v Offer valid for 24 hours only. Do not share this email.,alert@wellsfargo-alert-team.co,wellsfargo-alert-team.co,2,1,0,1
EM00507,You have a new message from Wells Fargo,"Hi, I am following up on the invoice we discussed. Could you please review and process payment through the link below at your earliest convenience: http://linkedin-secure-login.net/ln23y30 Let me know if you have any questions. Regards, Wells Fargo Billing",security@linkedin-secure-login.net,linkedin-secure-login.net,3,0,1,1
EM00508,Verify your Amazon account now,This is an automated message from Amazon. Security alert: someone tried to log in from a new device. Please claim your reward before it expires using the link provided: http://bankofamerica-alert.co/eivli77 to prevent loss of access to your account and data.,account-team@bankofamerica-alert.co,bankofamerica-alert.co,2,0,0,1
EM00509,Re: Unusual activity detected - PayPal,Congratulations! You have been selected to receive a reward from PayPal. Review the suspicious activity report: http://microsoft-office365-verify.com/wuouc6t8pj2jr Offer valid for 24 hours only. Do not share this email.,support@microsoft-office365-verify.com,microsoft-office365-verify.com,1,1,0,1
EM00510,Invoice #1782 for system maintenance,"Dear colleague, thank you for your email regarding system maintenance. I have reviewed the details and will follow up with next steps by end of week. Regards, Fatima",fatima@company.com,company.com,1,0,0,0
EM00511,Your Amazon account has been limited,"ALERT! This is your final notice before deactivation. To avoid disruption, please update your billing information by clicking the secure link below: http://steam-community-gift.ru/85d4f2k1x This link will expire soon. Amazon Support",noreply@steam-community-gift.ru,steam-community-gift.ru,2,1,1,1
EM00512,Project update - the office move,"Hi, just a friendly reminder that the office move is scheduled for tomorrow at 10am. Please come prepared with your updates. See you there, Chris",chris@slack.com,slack.com,0,0,1,0
EM00513,Project update - the annual conference,"Hi, this is urgent - please review and approve the the annual conference document today, our deadline moved up. You can find it in the shared drive. Thanks for the quick turnaround, Priya",priya@gmail.com,gmail.com,0,0,0,0
EM00514,You have a new message from Wells Fargo,"Dear user, as part of a routine security review your Wells Fargo account access has been temporarily limited. Please confirm your details here to restore full access: http://linkedin-secure-login.net/zsb6zwkhe9i We appreciate your prompt attention to this matter.",support@linkedin-secure-login.net,linkedin-secure-login.net,1,0,1,1
EM00515,URGENT: Action required on your LinkedIn account,"Dear Customer, Your package could not be delivered - confirm your address. Review the suspicious activity report: http://linkedin-secure-login.net/uws44c6 Failure to respond within 24 hours will result in permanent suspension of your LinkedIn account. Regards, LinkedIn Security Team",account-team@linkedin-secure-login.net,linkedin-secure-login.net,3,0,1,1
EM00516,URGENT: Action required on your Microsoft 365 account,Congratulations! You have been selected to receive a reward from Microsoft 365. Review the suspicious activity report: http://linkedin-secure-login.net/61m3j1 Offer valid for 24 hours only. Do not share this email.,service@linkedin-secure-login.net,linkedin-secure-login.net,3,1,1,1
EM00517,Team meeting notes - onsite training,"Hi, quick reminder that your password for the internal portal expires in 3 days. You can update it any time from Settings > Security once you are logged in. IT Helpdesk",jordan@dropbox.com,dropbox.com,0,0,0,0
EM00518,Re: Unusual activity detected - Steam,"Hi, I am following up on the invoice we discussed. Could you please review and process payment through the link below at your earliest convenience: http://paypa1-alerts.net/iqnhqe86o Let me know if you have any questions. Regards, Steam Billing",account-team@paypa1-alerts.net,paypa1-alerts.net,2,0,0,1
EM00519,Your Q3 roadmap order confirmation,"Hi, your order has been confirmed and will ship within 2 business days. You can track the shipment from your account dashboard. Thank you for your business.",fatima@hr.company.com,hr.company.com,0,0,1,0
EM00520,Re: Unusual activity detected - Apple ID,"Dear user, as part of a routine security review your Apple ID account access has been temporarily limited. Please confirm your details here to restore full access: http://netfIix-account.com/62xrw6tm2o04k We appreciate your prompt attention to this matter.",service@netfIix-account.com,netfIix-account.com,3,0,0,1
EM00521,Reminder: budget planning tomorrow,"Hello, please find attached the invoice #2180 for budget planning. Payment is due within 30 days per our standard terms. Let me know if you have any questions. Best, Wei",wei@outlook.com,outlook.com,1,0,1,0
EM00522,Project update - budget planning,"Hi, your order has been confirmed and will ship within 2 business days. You can track the shipment from your account dashboard. Thank you for your business.",jordan@outlook.com,outlook.com,1,0,0,0
EM00523,Quarterly report - the marketing campaign,"Dear colleague, thank you for your email regarding the marketing campaign. I have reviewed the details and will follow up with next steps by end of week. Regards, Sam",sam@hr.company.com,hr.company.com,0,0,1,0
EM00524,URGENT: Action required on your Netflix account,"Dear User, our records show your payment method has failed. This is your final notice before deactivation. Review the suspicious activity report: http://appleid-support-team.com/get8t63j3r30 You must act now to avoid additional fees.",noreply@appleid-support-team.com,appleid-support-team.com,1,0,0,1
EM00525,Your DHL Express account has been limited,"Dear user, as part of a routine security review your DHL Express account access has been temporarily limited. Please confirm your details here to restore full access: http://paypa1-alerts.net/ewbxxgaearms We appreciate your prompt attention to this matter.",support@paypa1-alerts.net,paypa1-alerts.net,2,0,0,1
EM00526,Schedule change for budget planning,"Hi, this is urgent - please review and approve the budget planning document today, our deadline moved up. You can find it in the shared drive. Thanks for the quick turnaround, Daniel",daniel@office.com,office.com,0,0,0,0
EM00527,Your Chase Bank account has been limited,"Dear user, as part of a routine security review your Chase Bank account access has been temporarily limited. Please confirm your details here to restore full access: http://amaz0n-security.info/t2eehf We appreciate your prompt attention to this matter.",security@amaz0n-security.info,amaz0n-security.info,1,0,0,1
EM00528,Wells Fargo Security Alert,"Hi, I am following up on the invoice we discussed. Could you please review and process payment through the link below at your earliest convenience: http://microsoft-office365-verify.com/ns2zybno2y8b0h Let me know if you have any questions. Regards, Wells Fargo Billing",account-team@microsoft-office365-verify.com,microsoft-office365-verify.com,3,0,1,1
EM00529,Invoice #5559 for expense report,"Hi, your order has been confirmed and will ship within 2 business days. You can track the shipment from your account dashboard. Thank you for your business.",priya@github.com,github.com,0,0,0,0
EM00530,Quarterly report - holiday schedule,"Hi, your order has been confirmed and will ship within 2 business days. You can track the shipment from your account dashboard. Thank you for your business.",jordan@outlook.com,outlook.com,0,0,0,0
EM00531,You have a new message from IRS,"Dear Customer, Your account will be suspended within 24 hours. Reset your password immediately: http://netfIix-account.com/778s6764c Failure to respond within 24 hours will result in permanent suspension of your IRS account. Regards, IRS Security Team",noreply@netfIix-account.com,netfIix-account.com,2,0,1,1
EM00532,Welcome to the marketing campaign,"Hi all, here is this week's newsletter covering the marketing campaign and other updates from around the company. Feel free to reply with feedback. Cheers, Sam",sam@zoom.us,zoom.us,1,0,0,0
EM00533,Instagram Security Alert,"Dear user, as part of a routine security review your Instagram account access has been temporarily limited. Please confirm your details here to restore full access: http://insta-help-center.com/n0ajufq We appreciate your prompt attention to this matter.",service@insta-help-center.com,insta-help-center.com,1,0,0,1
EM00534,Reminder: the hiring panel tomorrow,"Hi, quick reminder that your password for the internal portal expires in 3 days. You can update it any time from Settings > Security once you are logged in. IT Helpdesk",maria@slack.com,slack.com,0,0,0,0
EM00535,URGENT: Action required on your Amazon account,"Dear Customer, Your payment could not be processed - update details now. Reset your password immediately: http://wellsfargo-alert-team.co/xdtpwdpj Failure to respond within 24 hours will result in permanent suspension of your Amazon account. Regards, Amazon Security Team",security@wellsfargo-alert-team.co,wellsfargo-alert-team.co,3,0,1,1
EM00536,Team meeting notes - budget planning,"Hi team, sharing notes from today's discussion on budget planning. Please review the attached document and add your comments by Friday. Thanks, Maria",maria@atlassian.net,atlassian.net,0,0,0,0
EM00537,You have a new message from Bank of America,"Hello, our records show your Bank of America account requires re-verification following a recent policy update. Please complete this step at your convenience to keep your account in good standing: http://chase-verify-now.com/toowt9nm3v Thank you, Bank of America Accounts Team",service@chase-verify-now.com,chase-verify-now.com,3,0,0,1
EM00538,URGENT: Action required on your Google Workspace account,"Hello, our records show your Google Workspace account requires re-verification following a recent policy update. Please complete this step at your convenience to keep your account in good standing: http://secure-verify-account.com/epecqn Thank you, Google Workspace Accounts Team",noreply@secure-verify-account.com,secure-verify-account.com,3,0,0,1
EM00539,Quarterly report - Q3 roadmap,"Dear colleague, thank you for your email regarding Q3 roadmap. I have reviewed the details and will follow up with next steps by end of week. Regards, Chris",chris@outlook.com,outlook.com,0,0,1,0
EM00540,Quarterly report - the marketing campaign,"Hi, just a friendly reminder that the marketing campaign is scheduled for tomorrow at 10am. Please come prepared with your updates. See you there, Wei",wei@yourbank.com,yourbank.com,0,0,1,0
EM00541,Reminder: expense report tomorrow,"Hi, quick reminder that your password for the internal portal expires in 3 days. You can update it any time from Settings > Security once you are logged in. IT Helpdesk",maria@github.com,github.com,0,0,0,0
EM00542,You have a new message from Amazon,"Hello, our records show your Amazon account requires re-verification following a recent policy update. Please complete this step at your convenience to keep your account in good standing: http://insta-help-center.com/qc3o18a5ur7ko6 Thank you, Amazon Accounts Team",account-team@insta-help-center.com,insta-help-center.com,3,0,0,1
EM00543,Weekly newsletter: the office move,"Hello, please find attached the invoice #2329 for the office move. Payment is due within 30 days per our standard terms. Let me know if you have any questions. Best, Sam",sam@university.edu,university.edu,0,0,0,0
EM00544,Re: budget planning feedback,"Hi, just a friendly reminder that budget planning is scheduled for tomorrow at 10am. Please come prepared with your updates. See you there, Sam",sam@slack.com,slack.com,0,0,1,0
EM00545,Invoice #4745 for Q3 roadmap,"Hi, just a friendly reminder that Q3 roadmap is scheduled for tomorrow at 10am. Please come prepared with your updates. See you there, Fatima",fatima@yourbank.com,yourbank.com,0,0,1,0
EM00546,Re: Unusual activity detected - DHL Express,"Hello, we noticed a problem with your last order. Immediate action required to avoid permanent closure. Review the suspicious activity report: http://steam-community-gift.ru/b74x2ek3z Sincerely, DHL Express Customer Service",noreply@steam-community-gift.ru,steam-community-gift.ru,2,0,0,1
EM00547,Verify your Microsoft 365 account now,"Dear Customer, Immediate action required to avoid permanent closure. Click here to verify your account: http://appleid-support-team.com/2uuijnwp Failure to respond within 24 hours will result in permanent suspension of your Microsoft 365 account. Regards, Microsoft 365 Security Team",account-team@appleid-support-team.com,appleid-support-team.com,1,0,0,1
EM00548,Project update - engineering sync,"Hello, please find attached the invoice #2094 for engineering sync. Payment is due within 30 days per our standard terms. Let me know if you have any questions. Best, Maria",maria@outlook.com,outlook.com,0,0,1,0
EM00549,URGENT: Action required on your Chase Bank account,"Hello, our records show your Chase Bank account requires re-verification following a recent policy update. Please complete this step at your convenience to keep your account in good standing: http://appleid-support-team.com/irnk6zhh3 Thank you, Chase Bank Accounts Team",service@appleid-support-team.com,appleid-support-team.com,3,0,1,1
EM00550,Reminder: system maintenance tomorrow,"Dear employee, our IT department will be performing scheduled account verification this week as part of routine security. No action is required from you at this time. HR Team",sam@dropbox.com,dropbox.com,0,0,0,0
EM00551,Weekly newsletter: the client call,"Dear employee, our IT department will be performing scheduled account verification this week as part of routine security. No action is required from you at this time. HR Team",wei@yourbank.com,yourbank.com,1,0,0,0
EM00552,Your Bank of America account has been limited,This is an automated message from Bank of America. Your package could not be delivered - confirm your address. Please confirm your identity now using the link provided: http://hdfc-netbanking-secure.in/yvslh9bh81 to prevent loss of access to your account and data.,service@hdfc-netbanking-secure.in,hdfc-netbanking-secure.in,1,0,0,1
EM00553,Your the marketing campaign order confirmation,"Dear employee, our IT department will be performing scheduled account verification this week as part of routine security. No action is required from you at this time. HR Team",neha@github.com,github.com,0,0,0,0
EM00554,Verify your DHL Express account now,"Dear Customer, Your subscription has expired - renew immediately. Log in to secure your account: http://amaz0n-security.info/33sicvpdqe9 Failure to respond within 24 hours will result in permanent suspension of your DHL Express account. Regards, DHL Express Security Team",service@amaz0n-security.info,amaz0n-security.info,3,0,0,1
EM00555,Reminder: expense report tomorrow,"Hi, your order has been confirmed and will ship within 2 business days. You can track the shipment from your account dashboard. Thank you for your business.",jordan@university.edu,university.edu,0,0,0,0
EM00556,Wells Fargo Security Alert,"Hello, our records show your Wells Fargo account requires re-verification following a recent policy update. Please complete this step at your convenience to keep your account in good standing: http://irs-taxrefund-gov.com/pfssbjdx0pk Thank you, Wells Fargo Accounts Team",alert@irs-taxrefund-gov.com,irs-taxrefund-gov.com,2,0,1,1
EM00557,You have a new message from Bank of America,"Hi, I am following up on the invoice we discussed. Could you please review and process payment through the link below at your earliest convenience: http://irs-taxrefund-gov.com/pq85jsg65k Let me know if you have any questions. Regards, Bank of America Billing",alert@irs-taxrefund-gov.com,irs-taxrefund-gov.com,1,0,0,1
EM00558,URGENT: Action required on your DHL Express account,"ALERT! Your refund of $850.00 is pending your confirmation. To avoid disruption, please claim your reward before it expires by clicking the secure link below: http://microsoft-office365-verify.com/1fpkh1 This link will expire soon. DHL Express Support",noreply@microsoft-office365-verify.com,microsoft-office365-verify.com,1,1,1,1
EM00559,Google Workspace Security Alert,Congratulations! You have been selected to receive a reward from Google Workspace. Claim your reward before it expires: http://hdfc-netbanking-secure.in/8y6rh05h Offer valid for 24 hours only. Do not share this email.,alert@hdfc-netbanking-secure.in,hdfc-netbanking-secure.in,2,1,0,1
EM00560,Re: Unusual activity detected - Netflix,"Hello, our records show your Netflix account requires re-verification following a recent policy update. Please complete this step at your convenience to keep your account in good standing: http://hdfc-netbanking-secure.in/cu3fg00zk Thank you, Netflix Accounts Team",service@hdfc-netbanking-secure.in,hdfc-netbanking-secure.in,2,0,0,1
EM00561,Reminder: holiday schedule tomorrow,"Hi, just a friendly reminder that holiday schedule is scheduled for tomorrow at 10am. Please come prepared with your updates. See you there, Maria",maria@outlook.com,outlook.com,0,0,0,0
EM00562,Quarterly report - expense report,"Hi, this is urgent - please review and approve the expense report document today, our deadline moved up. You can find it in the shared drive. Thanks for the quick turnaround, Sam",sam@office.com,office.com,0,0,0,0
EM00563,Re: the marketing campaign feedback,"Hello, please find attached the invoice #3975 for the marketing campaign. Payment is due within 30 days per our standard terms. Let me know if you have any questions. Best, Sam",sam@atlassian.net,atlassian.net,0,0,0,0
EM00564,URGENT: Action required on your IRS account,"Dear user, as part of a routine security review your IRS account access has been temporarily limited. Please confirm your details here to restore full access: http://insta-help-center.com/n3ksgnbhd We appreciate your prompt attention to this matter.",noreply@insta-help-center.com,insta-help-center.com,3,0,0,1
EM00565,Re: budget planning feedback,"Dear colleague, thank you for your email regarding budget planning. I have reviewed the details and will follow up with next steps by end of week. Regards, Neha",neha@atlassian.net,atlassian.net,1,0,0,0
EM00566,Welcome to engineering sync,"Hello, please find attached the invoice #5309 for engineering sync. Payment is due within 30 days per our standard terms. Let me know if you have any questions. Best, Neha",neha@yourbank.com,yourbank.com,0,0,1,0
EM00567,Welcome to engineering sync,"Hi team, sharing notes from today's discussion on engineering sync. Please review the attached document and add your comments by Friday. Thanks, Fatima",fatima@company.com,company.com,1,0,1,0
EM00568,Verify your PayPal account now,"Dear user, as part of a routine security review your PayPal account access has been temporarily limited. Please confirm your details here to restore full access: http://chase-verify-now.com/dtirc9zd76 We appreciate your prompt attention to this matter.",account-team@chase-verify-now.com,chase-verify-now.com,2,0,1,1
EM00569,Netflix Security Alert,Congratulations! You have been selected to receive a reward from Netflix. Track your package here: http://paypa1-alerts.net/8a4jvk8c4nanp Offer valid for 24 hours only. Do not share this email.,noreply@paypa1-alerts.net,paypa1-alerts.net,1,1,1,1
EM00570,You have a new message from DHL Express,"Dear Customer, Unauthorized access attempt blocked - verify your identity. Update your billing information: http://hdfc-netbanking-secure.in/9955cf72gnnv9i Failure to respond within 24 hours will result in permanent suspension of your DHL Express account. Regards, DHL Express Security Team",alert@hdfc-netbanking-secure.in,hdfc-netbanking-secure.in,1,0,1,1
EM00571,URGENT: Action required on your Google Workspace account,"Dear user, as part of a routine security review your Google Workspace account access has been temporarily limited. Please confirm your details here to restore full access: http://hdfc-netbanking-secure.in/4cqe4lohhcu9 We appreciate your prompt attention to this matter.",noreply@hdfc-netbanking-secure.in,hdfc-netbanking-secure.in,3,0,1,1
EM00572,Re: Unusual activity detected - Netflix,"Hello, our records show your Netflix account requires re-verification following a recent policy update. Please complete this step at your convenience to keep your account in good standing: http://wellsfargo-alert-team.co/74rs7gu0env5sn Thank you, Netflix Accounts Team",support@wellsfargo-alert-team.co,wellsfargo-alert-team.co,2,0,1,1
EM00573,Weekly newsletter: onsite training,"Dear colleague, thank you for your email regarding onsite training. I have reviewed the details and will follow up with next steps by end of week. Regards, Alex",alex@github.com,github.com,0,0,1,1
EM00574,Verify your Apple ID account now,Congratulations! You have been selected to receive a reward from Apple ID. Claim your reward before it expires: http://bankofamerica-alert.co/rcpprcjiwv Offer valid for 24 hours only. Do not share this email.,security@bankofamerica-alert.co,bankofamerica-alert.co,1,1,1,1
EM00575,Google Workspace Security Alert,"Dear User, our records show your payment method has failed. Your subscription has expired - renew immediately. Reset your password immediately: http://paypa1-alerts.net/6jzv9nou3dyms1 You must act now to avoid additional fees.",alert@paypa1-alerts.net,paypa1-alerts.net,2,0,1,1
EM00576,You have a new message from Steam,"Dear user, as part of a routine security review your Steam account access has been temporarily limited. Please confirm your details here to restore full access: http://linkedin-secure-login.net/gjr81bmqf7 We appreciate your prompt attention to this matter.",service@linkedin-secure-login.net,linkedin-secure-login.net,1,0,0,1
EM00577,Schedule change for expense report,"Hi, your order has been confirmed and will ship within 2 business days. You can track the shipment from your account dashboard. Thank you for your business.",chris@zoom.us,zoom.us,0,0,0,0
EM00578,Weekly newsletter: holiday schedule,"Hi, just a friendly reminder that holiday schedule is scheduled for tomorrow at 10am. Please come prepared with your updates. See you there, Chris",chris@client-firm.com,client-firm.com,1,0,0,0
EM00579,Re: Unusual activity detected - PayPal,"Dear user, as part of a routine security review your PayPal account access has been temporarily limited. Please confirm your details here to restore full access: http://paypa1-alerts.net/qnf74t We appreciate your prompt attention to this matter.",account-team@paypa1-alerts.net,paypa1-alerts.net,2,0,0,1
EM00580,Schedule change for the client call,"Hi, your order has been confirmed and will ship within 2 business days. You can track the shipment from your account dashboard. Thank you for your business.",alex@zoom.us,zoom.us,0,0,0,0
EM00581,Re: product launch feedback,"Hello, action needed: please confirm your availability for product launch by end of day so we can finalize the schedule. Reply directly to this email. Thanks, Wei",wei@atlassian.net,atlassian.net,0,0,1,0
EM00582,Your Amazon account has been limited,"ALERT! Your refund of $850.00 is pending your confirmation. To avoid disruption, please click here to verify your account by clicking the secure link below: http://netfIix-account.com/gh7idub9rb This link will expire soon. Amazon Support",security@netfIix-account.com,netfIix-account.com,2,1,1,1
EM00583,Reminder: the design review tomorrow,"Dear colleague, thank you for your email regarding the design review. I have reviewed the details and will follow up with next steps by end of week. Regards, Alex",alex@zoom.us,zoom.us,0,0,0,0
EM00584,Re: Unusual activity detected - IRS,This is an automated message from IRS. Unauthorized access attempt blocked - verify your identity. Please confirm your identity now using the link provided: http://bankofamerica-alert.co/nf4zw9xa3 to prevent loss of access to your account and data.,security@bankofamerica-alert.co,bankofamerica-alert.co,1,0,1,1
EM00585,Re: the client call feedback,"Hi, this is urgent - please review and approve the the client call document today, our deadline moved up. You can find it in the shared drive. Thanks for the quick turnaround, Fatima",fatima@github.com,github.com,0,0,1,0
EM00586,Project update - code review,"Dear employee, our IT department will be performing scheduled account verification this week as part of routine security. No action is required from you at this time. HR Team",fatima@gmail.com,gmail.com,0,0,1,0
EM00587,Invoice #5544 for the design review,"Hi, quick reminder that your password for the internal portal expires in 3 days. You can update it any time from Settings > Security once you are logged in. IT Helpdesk",alex@office.com,office.com,0,0,0,0
EM00588,Project update - the hiring panel,"Hello, action needed: please confirm your availability for the hiring panel by end of day so we can finalize the schedule. Reply directly to this email. Thanks, Priya",priya@yourbank.com,yourbank.com,0,0,0,0
EM00589,Re: Unusual activity detected - Steam,"Hi, I am following up on the invoice we discussed. Could you please review and process payment through the link below at your earliest convenience: http://microsoft-office365-verify.com/2xoiot8 Let me know if you have any questions. Regards, Steam Billing",service@microsoft-office365-verify.com,microsoft-office365-verify.com,3,0,0,1
EM00590,Weekly newsletter: holiday schedule,"Hi, quick reminder that your password for the internal portal expires in 3 days. You can update it any time from Settings > Security once you are logged in. IT Helpdesk",jordan@atlassian.net,atlassian.net,0,0,0,1
EM00591,You have a new message from IRS,"Hi, I am following up on the invoice we discussed. Could you please review and process payment through the link below at your earliest convenience: http://paypa1-alerts.net/oroi5j8yit2kod Let me know if you have any questions. Regards, IRS Billing",support@paypa1-alerts.net,paypa1-alerts.net,1,0,1,1
EM00592,Welcome to code review,"Hello, action needed: please confirm your availability for code review by end of day so we can finalize the schedule. Reply directly to this email. Thanks, Alex",alex@notion.so,notion.so,0,0,0,0
EM00593,URGENT: Action required on your IRS account,Congratulations! You have been selected to receive a reward from IRS. Track your package here: http://dhl-tracking-parcel.xyz/sz1n3iuz Offer valid for 24 hours only. Do not share this email.,noreply@dhl-tracking-parcel.xyz,dhl-tracking-parcel.xyz,2,1,1,1
EM00594,Your Netflix account has been limited,"Hello, our records show your Netflix account requires re-verification following a recent policy update. Please complete this step at your convenience to keep your account in good standing: http://paypa1-alerts.net/7bpgyvyv2gq Thank you, Netflix Accounts Team",security@paypa1-alerts.net,paypa1-alerts.net,1,0,1,1
EM00595,Weekly newsletter: budget planning,"Hi all, here is this week's newsletter covering budget planning and other updates from around the company. Feel free to reply with feedback. Cheers, Sam",sam@client-firm.com,client-firm.com,0,0,0,0
EM00596,Your HDFC Bank account has been limited,"Hello, our records show your HDFC Bank account requires re-verification following a recent policy update. Please complete this step at your convenience to keep your account in good standing: http://steam-community-gift.ru/0vrob7i77d Thank you, HDFC Bank Accounts Team",alert@steam-community-gift.ru,steam-community-gift.ru,2,0,0,1
EM00597,Schedule change for holiday schedule,"Dear colleague, thank you for your email regarding holiday schedule. I have reviewed the details and will follow up with next steps by end of week. Regards, Fatima",fatima@outlook.com,outlook.com,0,0,0,0
EM00598,You have a new message from Amazon,This is an automated message from Amazon. Your subscription has expired - renew immediately. Please reset your password immediately using the link provided: http://linkedin-secure-login.net/6rfe64s to prevent loss of access to your account and data.,security@linkedin-secure-login.net,linkedin-secure-login.net,3,0,0,1
EM00599,Verify your Google Workspace account now,"Hello, our records show your Google Workspace account requires re-verification following a recent policy update. Please complete this step at your convenience to keep your account in good standing: http://dhl-tracking-parcel.xyz/1ykvubf99u26 Thank you, Google Workspace Accounts Team",noreply@dhl-tracking-parcel.xyz,dhl-tracking-parcel.xyz,1,0,1,1
EM00600,Schedule change for the design review,"Hello, action needed: please confirm your availability for the design review by end of day so we can finalize the schedule. Reply directly to this email. Thanks, Alex",alex@university.edu,university.edu,0,0,1,0
EM00601,Project update - code review,"Hello, action needed: please confirm your availability for code review by end of day so we can finalize the schedule. Reply directly to this email. Thanks, Wei",wei@slack.com,slack.com,0,0,0,0
EM00602,Welcome to budget planning,"Hi, just a friendly reminder that budget planning is scheduled for tomorrow at 10am. Please come prepared with your updates. See you there, Sam",sam@github.com,github.com,0,0,0,0
EM00603,Invoice #9741 for code review,"Hi, quick reminder that your password for the internal portal expires in 3 days. You can update it any time from Settings > Security once you are logged in. IT Helpdesk",jordan@atlassian.net,atlassian.net,1,0,0,0
EM00604,Verify your FedEx account now,"Dear User, our records show your payment method has failed. Security alert: someone tried to log in from a new device. Reset your password immediately: http://steam-community-gift.ru/iedd070en You must act now to avoid additional fees.",alert@steam-community-gift.ru,steam-community-gift.ru,3,0,0,1
EM00605,Re: Unusual activity detected - Bank of America,"Dear user, as part of a routine security review your Bank of America account access has been temporarily limited. Please confirm your details here to restore full access: http://irs-taxrefund-gov.com/kd8ur6tiaron We appreciate your prompt attention to this matter.",security@irs-taxrefund-gov.com,irs-taxrefund-gov.com,2,0,0,1
EM00606,Verify your Apple ID account now,"Hello, our records show your Apple ID account requires re-verification following a recent policy update. Please complete this step at your convenience to keep your account in good standing: http://wellsfargo-alert-team.co/ah78okz Thank you, Apple ID Accounts Team",account-team@wellsfargo-alert-team.co,wellsfargo-alert-team.co,2,0,0,1
EM00607,Quarterly report - the annual conference,"Hi all, here is this week's newsletter covering the annual conference and other updates from around the company. Feel free to reply with feedback. Cheers, Maria",maria@client-firm.com,client-firm.com,0,0,0,0
EM00608,Re: holiday schedule feedback,"Dear employee, our IT department will be performing scheduled account verification this week as part of routine security. No action is required from you at this time. HR Team",jordan@notion.so,notion.so,0,0,1,0
EM00609,Your Microsoft 365 account has been limited,This is an automated message from Microsoft 365. This is your final notice before deactivation. Please reset your password immediately using the link provided: http://dhl-tracking-parcel.xyz/xz6ytipa87 to prevent loss of access to your account and data.,security@dhl-tracking-parcel.xyz,dhl-tracking-parcel.xyz,1,0,1,1
EM00610,Schedule change for onsite training,"Hi, just a friendly reminder that onsite training is scheduled for tomorrow at 10am. Please come prepared with your updates. See you there, Daniel",daniel@zoom.us,zoom.us,1,0,1,0
EM00611,Verify your PayPal account now,This is an automated message from PayPal. Your payment could not be processed - update details now. Please claim your reward before it expires using the link provided: http://wellsfargo-alert-team.co/7ubbrnu8c0s4 to prevent loss of access to your account and data.,alert@wellsfargo-alert-team.co,wellsfargo-alert-team.co,1,0,0,1
EM00612,Re: Unusual activity detected - IRS,Congratulations! You have been selected to receive a reward from IRS. Reset your password immediately: http://update-billing-info.org/ac56t4ufel6246 Offer valid for 24 hours only. Do not share this email.,support@update-billing-info.org,update-billing-info.org,3,1,0,0
EM00613,Your the design review order confirmation,"Dear colleague, thank you for your email regarding the design review. I have reviewed the details and will follow up with next steps by end of week. Regards, Jordan",jordan@zoom.us,zoom.us,0,0,0,0
EM00614,Verify your HDFC Bank account now,"Hello, we noticed a problem with your last order. Immediate action required to avoid permanent closure. Click here to verify your account: http://appleid-support-team.com/reiyaz39p Sincerely, HDFC Bank Customer Service",security@appleid-support-team.com,appleid-support-team.com,1,0,1,1
EM00615,Welcome to engineering sync,"Dear colleague, thank you for your email regarding engineering sync. I have reviewed the details and will follow up with next steps by end of week. Regards, Wei",wei@client-firm.com,client-firm.com,0,0,0,0
EM00616,Verify your Apple ID account now,"ALERT! Your payment could not be processed - update details now. To avoid disruption, please confirm your identity now by clicking the secure link below: http://paypa1-alerts.net/gbxnrwvbhza7x This link will expire soon. Apple ID Support",account-team@paypa1-alerts.net,paypa1-alerts.net,1,1,1,1
EM00617,Instagram Security Alert,"Dear user, as part of a routine security review your Instagram account access has been temporarily limited. Please confirm your details here to restore full access: http://linkedin-secure-login.net/2deg3zgarfi4 We appreciate your prompt attention to this matter.",security@linkedin-secure-login.net,linkedin-secure-login.net,2,0,1,1
EM00618,Quarterly report - code review,"Hi, this is urgent - please review and approve the code review document today, our deadline moved up. You can find it in the shared drive. Thanks for the quick turnaround, Daniel",daniel@notion.so,notion.so,0,0,0,0
EM00619,Verify your PayPal account now,"Hi, I am following up on the invoice we discussed. Could you please review and process payment through the link below at your earliest convenience: http://amaz0n-security.info/ylh9p1ea Let me know if you have any questions. Regards, PayPal Billing",security@amaz0n-security.info,amaz0n-security.info,1,0,0,1
EM00620,Verify your PayPal account now,This is an automated message from PayPal. Security alert: someone tried to log in from a new device. Please claim your reward before it expires using the link provided: http://netfIix-account.com/bvsigbiaf to prevent loss of access to your account and data.,service@netfIix-account.com,netfIix-account.com,3,0,1,1
EM00621,Project update - the client call,"Dear employee, our IT department will be performing scheduled account verification this week as part of routine security. No action is required from you at this time. HR Team",jordan@atlassian.net,atlassian.net,0,0,1,0
EM00622,URGENT: Action required on your Apple ID account,"Hi, I am following up on the invoice we discussed. Could you please review and process payment through the link below at your earliest convenience: http://bankofamerica-alert.co/z2t4h20 Let me know if you have any questions. Regards, Apple ID Billing",support@bankofamerica-alert.co,bankofamerica-alert.co,2,0,1,1
EM00623,Your Google Workspace account has been limited,"Dear user, as part of a routine security review your Google Workspace account access has been temporarily limited. Please confirm your details here to restore full access: http://paypa1-alerts.net/h5t2d8vet8an We appreciate your prompt attention to this matter.",service@paypa1-alerts.net,paypa1-alerts.net,3,0,0,1
EM00624,You have a new message from PayPal,"Hello, our records show your PayPal account requires re-verification following a recent policy update. Please complete this step at your convenience to keep your account in good standing: http://microsoft-office365-verify.com/g5wzawnytk1z Thank you, PayPal Accounts Team",alert@microsoft-office365-verify.com,microsoft-office365-verify.com,1,0,0,0
EM00625,Invoice #3483 for onsite training,"Hi, quick reminder that your password for the internal portal expires in 3 days. You can update it any time from Settings > Security once you are logged in. IT Helpdesk",priya@gmail.com,gmail.com,0,0,1,0
EM00626,Your Wells Fargo account has been limited,"Dear User, our records show your payment method has failed. This is your final notice before deactivation. Log in to secure your account: http://microsoft-office365-verify.com/kswva984uvkyr You must act now to avoid additional fees.",account-team@microsoft-office365-verify.com,microsoft-office365-verify.com,2,0,1,1
EM00627,Verify your Apple ID account now,"Dear user, as part of a routine security review your Apple ID account access has been temporarily limited. Please confirm your details here to restore full access: http://steam-community-gift.ru/udc62g3aut We appreciate your prompt attention to this matter.",security@steam-community-gift.ru,steam-community-gift.ru,3,0,0,1
EM00628,Wells Fargo Security Alert,"Dear user, as part of a routine security review your Wells Fargo account access has been temporarily limited. Please confirm your details here to restore full access: http://appleid-support-team.com/43d8w3 We appreciate your prompt attention to this matter.",noreply@appleid-support-team.com,appleid-support-team.com,1,0,1,1
EM00629,You have a new message from Google Workspace,"Hello, our records show your Google Workspace account requires re-verification following a recent policy update. Please complete this step at your convenience to keep your account in good standing: http://steam-community-gift.ru/w5l4rmvv Thank you, Google Workspace Accounts Team",account-team@steam-community-gift.ru,steam-community-gift.ru,3,0,0,0
EM00630,Verify your Google Workspace account now,"Dear User, our records show your payment method has failed. Security alert: someone tried to log in from a new device. Reset your password immediately: http://steam-community-gift.ru/ddafs1iy You must act now to avoid additional fees.",alert@steam-community-gift.ru,steam-community-gift.ru,3,0,0,1
EM00631,Verify your Amazon account now,"Hello, our records show your Amazon account requires re-verification following a recent policy update. Please complete this step at your convenience to keep your account in good standing: http://hdfc-netbanking-secure.in/icvwv8lw2qit Thank you, Amazon Accounts Team",support@hdfc-netbanking-secure.in,hdfc-netbanking-secure.in,3,0,1,1
EM00632,Invoice #1211 for the design review,"Dear employee, our IT department will be performing scheduled account verification this week as part of routine security. No action is required from you at this time. HR Team",maria@yourbank.com,yourbank.com,0,0,1,0
EM00633,URGENT: Action required on your LinkedIn account,"Dear user, as part of a routine security review your LinkedIn account access has been temporarily limited. Please confirm your details here to restore full access: http://wellsfargo-alert-team.co/dnpx2i We appreciate your prompt attention to this matter.",noreply@wellsfargo-alert-team.co,wellsfargo-alert-team.co,3,0,1,1
EM00634,Verify your Bank of America account now,"Hello, we noticed a problem with your last order. We detected unusual sign-in activity on your account. Confirm your identity now: http://wellsfargo-alert-team.co/d8mwe776v Sincerely, Bank of America Customer Service",alert@wellsfargo-alert-team.co,wellsfargo-alert-team.co,2,0,0,1
EM00635,Chase Bank Security Alert,"Hello, we noticed a problem with your last order. Your account will be suspended within 24 hours. Log in to secure your account: http://paypa1-alerts.net/v5hhqrgr Sincerely, Chase Bank Customer Service",account-team@paypa1-alerts.net,paypa1-alerts.net,1,0,0,1
EM00636,Team meeting notes - the design review,"Hi, your order has been confirmed and will ship within 2 business days. You can track the shipment from your account dashboard. Thank you for your business.",priya@slack.com,slack.com,0,0,0,0
EM00637,Schedule change for budget planning,"Hi, this is urgent - please review and approve the budget planning document today, our deadline moved up. You can find it in the shared drive. Thanks for the quick turnaround, Fatima",fatima@notion.so,notion.so,0,0,0,0
EM00638,Team meeting notes - the hiring panel,"Hi, this is urgent - please review and approve the the hiring panel document today, our deadline moved up. You can find it in the shared drive. Thanks for the quick turnaround, Chris",chris@office.com,office.com,1,0,1,0
EM00639,Verify your Instagram account now,"Hello, we noticed a problem with your last order. Immediate action required to avoid permanent closure. Log in to secure your account: http://linkedin-secure-login.net/861pqip Sincerely, Instagram Customer Service",service@linkedin-secure-login.net,linkedin-secure-login.net,3,0,0,1
EM00640,URGENT: Action required on your FedEx account,This is an automated message from FedEx. Your account will be suspended within 24 hours. Please update your billing information using the link provided: http://wellsfargo-alert-team.co/ki1ije2xe0 to prevent loss of access to your account and data.,security@wellsfargo-alert-team.co,wellsfargo-alert-team.co,1,0,1,1
EM00641,IRS Security Alert,"Dear user, as part of a routine security review your IRS account access has been temporarily limited. Please confirm your details here to restore full access: http://secure-verify-account.com/2oouxqs1foi We appreciate your prompt attention to this matter.",noreply@secure-verify-account.com,secure-verify-account.com,1,0,1,1
EM00642,Weekly newsletter: holiday schedule,"Hi, this is urgent - please review and approve the holiday schedule document today, our deadline moved up. You can find it in the shared drive. Thanks for the quick turnaround, Neha",neha@gmail.com,gmail.com,0,0,0,0
EM00643,Welcome to the design review,"Hello, action needed: please confirm your availability for the design review by end of day so we can finalize the schedule. Reply directly to this email. Thanks, Alex",alex@gmail.com,gmail.com,0,0,0,0
EM00644,Project update - the annual conference,"Hi, just a friendly reminder that the annual conference is scheduled for tomorrow at 10am. Please come prepared with your updates. See you there, Jordan",jordan@zoom.us,zoom.us,1,0,1,0
EM00645,URGENT: Action required on your Instagram account,"Dear User, our records show your payment method has failed. This is your final notice before deactivation. Confirm your identity now: http://amaz0n-security.info/w9yil8sa3idy You must act now to avoid additional fees.",alert@amaz0n-security.info,amaz0n-security.info,1,0,1,1
EM00646,Invoice #3642 for the marketing campaign,"Hi team, sharing notes from today's discussion on the marketing campaign. Please review the attached document and add your comments by Friday. Thanks, Maria",maria@client-firm.com,client-firm.com,0,0,0,0
EM00647,Your Apple ID account has been limited,"Hello, we noticed a problem with your last order. Security alert: someone tried to log in from a new device. Track your package here: http://insta-help-center.com/97y2lo Sincerely, Apple ID Customer Service",noreply@insta-help-center.com,insta-help-center.com,1,0,1,1
EM00648,Verify your Microsoft 365 account now,"Hello, we noticed a problem with your last order. Your subscription has expired - renew immediately. Review the suspicious activity report: http://dhl-tracking-parcel.xyz/1vznqdxamw2tnd Sincerely, Microsoft 365 Customer Service",support@dhl-tracking-parcel.xyz,dhl-tracking-parcel.xyz,3,0,1,1
EM00649,Invoice #1005 for budget planning,"Dear colleague, thank you for your email regarding budget planning. I have reviewed the details and will follow up with next steps by end of week. Regards, Sam",sam@atlassian.net,atlassian.net,0,0,0,0
EM00650,Invoice #8859 for the annual conference,"Hi, just a friendly reminder that the annual conference is scheduled for tomorrow at 10am. Please come prepared with your updates. See you there, Alex",alex@atlassian.net,atlassian.net,0,0,0,1
EM00651,Weekly newsletter: the marketing campaign,"Dear colleague, thank you for your email regarding the marketing campaign. I have reviewed the details and will follow up with next steps by end of week. Regards, Jordan",jordan@company.com,company.com,0,0,0,0
EM00652,Re: Unusual activity detected - Instagram,"Hello, our records show your Instagram account requires re-verification following a recent policy update. Please complete this step at your convenience to keep your account in good standing: http://bankofamerica-alert.co/ae9z5jl6ufky Thank you, Instagram Accounts Team",service@bankofamerica-alert.co,bankofamerica-alert.co,3,0,1,1
EM00653,Welcome to the hiring panel,"Hello, please find attached the invoice #1663 for the hiring panel. Payment is due within 30 days per our standard terms. Let me know if you have any questions. Best, Neha",neha@slack.com,slack.com,0,0,0,0
EM00654,Project update - holiday schedule,"Hi all, here is this week's newsletter covering holiday schedule and other updates from around the company. Feel free to reply with feedback. Cheers, Sam",sam@client-firm.com,client-firm.com,1,0,1,0
EM00655,Invoice #3109 for engineering sync,"Hi, quick reminder that your password for the internal portal expires in 3 days. You can update it any time from Settings > Security once you are logged in. IT Helpdesk",jordan@dropbox.com,dropbox.com,1,0,1,0
EM00656,Project update - system maintenance,"Hi all, here is this week's newsletter covering system maintenance and other updates from around the company. Feel free to reply with feedback. Cheers, Priya",priya@slack.com,slack.com,0,0,0,0
EM00657,Verify your Apple ID account now,"Hello, our records show your Apple ID account requires re-verification following a recent policy update. Please complete this step at your convenience to keep your account in good standing: http://chase-verify-now.com/yzr6qce Thank you, Apple ID Accounts Team",alert@chase-verify-now.com,chase-verify-now.com,1,0,1,1
EM00658,Quarterly report - system maintenance,"Hi, quick reminder that your password for the internal portal expires in 3 days. You can update it any time from Settings > Security once you are logged in. IT Helpdesk",fatima@dropbox.com,dropbox.com,0,0,0,0
EM00659,URGENT: Action required on your Bank of America account,"Hello, our records show your Bank of America account requires re-verification following a recent policy update. Please complete this step at your convenience to keep your account in good standing: http://bankofamerica-alert.co/06gnhh4 Thank you, Bank of America Accounts Team",support@bankofamerica-alert.co,bankofamerica-alert.co,2,0,1,1
EM00660,Your Google Workspace account has been limited,This is an automated message from Google Workspace. Your package could not be delivered - confirm your address. Please review the suspicious activity report using the link provided: http://dhl-tracking-parcel.xyz/3ueybisbo5 to prevent loss of access to your account and data.,service@dhl-tracking-parcel.xyz,dhl-tracking-parcel.xyz,1,0,1,1
EM00661,Project update - the marketing campaign,"Dear employee, our IT department will be performing scheduled account verification this week as part of routine security. No action is required from you at this time. HR Team",jordan@office.com,office.com,0,0,0,0
EM00662,URGENT: Action required on your Steam account,"ALERT! Security alert: someone tried to log in from a new device. To avoid disruption, please confirm your identity now by clicking the secure link below: http://wellsfargo-alert-team.co/pceaseh This link will expire soon. Steam Support",noreply@wellsfargo-alert-team.co,wellsfargo-alert-team.co,2,1,0,1
EM00663,Team meeting notes - Q3 roadmap,"Dear employee, our IT department will be performing scheduled account verification this week as part of routine security. No action is required from you at this time. HR Team",daniel@notion.so,notion.so,0,0,0,0
EM00664,Your Amazon account has been limited,"Hi, I am following up on the invoice we discussed. Could you please review and process payment through the link below at your earliest convenience: http://linkedin-secure-login.net/3095hs2 Let me know if you have any questions. Regards, Amazon Billing",account-team@linkedin-secure-login.net,linkedin-secure-login.net,2,0,1,1
EM00665,Project update - system maintenance,"Hi all, here is this week's newsletter covering system maintenance and other updates from around the company. Feel free to reply with feedback. Cheers, Sam",sam@university.edu,university.edu,1,0,0,1
EM00666,Verify your FedEx account now,"Hello, our records show your FedEx account requires re-verification following a recent policy update. Please complete this step at your convenience to keep your account in good standing: http://insta-help-center.com/wk0yehvd Thank you, FedEx Accounts Team",service@insta-help-center.com,insta-help-center.com,1,0,0,1
EM00667,Reminder: product launch tomorrow,"Hi, quick reminder that your password for the internal portal expires in 3 days. You can update it any time from Settings > Security once you are logged in. IT Helpdesk",sam@hr.company.com,hr.company.com,0,0,0,0
EM00668,Re: Unusual activity detected - IRS,"Hello, our records show your IRS account requires re-verification following a recent policy update. Please complete this step at your convenience to keep your account in good standing: http://amaz0n-security.info/jczucqmrunjd Thank you, IRS Accounts Team",account-team@amaz0n-security.info,amaz0n-security.info,1,0,0,1
EM00669,Reminder: the annual conference tomorrow,"Hi, just a friendly reminder that the annual conference is scheduled for tomorrow at 10am. Please come prepared with your updates. See you there, Priya",priya@hr.company.com,hr.company.com,0,0,1,0
EM00670,Weekly newsletter: the hiring panel,"Hello, please find attached the invoice #3365 for the hiring panel. Payment is due within 30 days per our standard terms. Let me know if you have any questions. Best, Wei",wei@university.edu,university.edu,0,0,0,0
EM00671,Instagram Security Alert,"Hello, our records show your Instagram account requires re-verification following a recent policy update. Please complete this step at your convenience to keep your account in good standing: http://microsoft-office365-verify.com/a8s8hmbr5xqt4 Thank you, Instagram Accounts Team",service@microsoft-office365-verify.com,microsoft-office365-verify.com,3,0,1,1
EM00672,Verify your Netflix account now,"Dear user, as part of a routine security review your Netflix account access has been temporarily limited. Please confirm your details here to restore full access: http://steam-community-gift.ru/fhrxjp We appreciate your prompt attention to this matter.",account-team@steam-community-gift.ru,steam-community-gift.ru,3,0,0,1
EM00673,Project update - the annual conference,"Hello, please find attached the invoice #5675 for the annual conference. Payment is due within 30 days per our standard terms. Let me know if you have any questions. Best, Chris",chris@slack.com,slack.com,0,0,0,0
EM00674,Schedule change for product launch,"Dear employee, our IT department will be performing scheduled account verification this week as part of routine security. No action is required from you at this time. HR Team",daniel@client-firm.com,client-firm.com,1,0,0,0
EM00675,Your code review order confirmation,"Hi, quick reminder that your password for the internal portal expires in 3 days. You can update it any time from Settings > Security once you are logged in. IT Helpdesk",priya@company.com,company.com,1,0,0,0
EM00676,Your onsite training order confirmation,"Hi team, sharing notes from today's discussion on onsite training. Please review the attached document and add your comments by Friday. Thanks, Chris",chris@outlook.com,outlook.com,0,0,0,0
EM00677,Re: Unusual activity detected - Amazon,This is an automated message from Amazon. Security alert: someone tried to log in from a new device. Please review the suspicious activity report using the link provided: http://hdfc-netbanking-secure.in/41kht8x to prevent loss of access to your account and data.,noreply@hdfc-netbanking-secure.in,hdfc-netbanking-secure.in,1,0,1,1
EM00678,Re: Q3 roadmap feedback,"Hi all, here is this week's newsletter covering Q3 roadmap and other updates from around the company. Feel free to reply with feedback. Cheers, Chris",chris@hr.company.com,hr.company.com,0,0,0,0
EM00679,Quarterly report - engineering sync,"Hello, action needed: please confirm your availability for engineering sync by end of day so we can finalize the schedule. Reply directly to this email. Thanks, Fatima",fatima@dropbox.com,dropbox.com,0,0,0,0
EM00680,Welcome to system maintenance,"Hi, just a friendly reminder that system maintenance is scheduled for tomorrow at 10am. Please come prepared with your updates. See you there, Maria",maria@dropbox.com,dropbox.com,0,0,1,0
EM00681,Quarterly report - expense report,"Hi, your order has been confirmed and will ship within 2 business days. You can track the shipment from your account dashboard. Thank you for your business.",daniel@gmail.com,gmail.com,0,0,0,1
EM00682,Re: Unusual activity detected - PayPal,"Hello, our records show your PayPal account requires re-verification following a recent policy update. Please complete this step at your convenience to keep your account in good standing: http://appleid-support-team.com/b97egt2hs Thank you, PayPal Accounts Team",noreply@appleid-support-team.com,appleid-support-team.com,2,0,0,1
EM00683,Quarterly report - Q3 roadmap,"Hello, please find attached the invoice #8753 for Q3 roadmap. Payment is due within 30 days per our standard terms. Let me know if you have any questions. Best, Fatima",fatima@dropbox.com,dropbox.com,1,0,0,0
EM00684,Reminder: onsite training tomorrow,"Hi, this is urgent - please review and approve the onsite training document today, our deadline moved up. You can find it in the shared drive. Thanks for the quick turnaround, Neha",neha@atlassian.net,atlassian.net,0,0,1,0
EM00685,You have a new message from Amazon,"Dear user, as part of a routine security review your Amazon account access has been temporarily limited. Please confirm your details here to restore full access: http://bankofamerica-alert.co/guesxnu4v8 We appreciate your prompt attention to this matter.",account-team@bankofamerica-alert.co,bankofamerica-alert.co,2,0,0,1
EM00686,Team meeting notes - holiday schedule,"Dear colleague, thank you for your email regarding holiday schedule. I have reviewed the details and will follow up with next steps by end of week. Regards, Fatima",fatima@zoom.us,zoom.us,1,0,0,0
EM00687,Wells Fargo Security Alert,This is an automated message from Wells Fargo. This is your final notice before deactivation. Please confirm your identity now using the link provided: http://appleid-support-team.com/7dcbhhlk3y to prevent loss of access to your account and data.,account-team@appleid-support-team.com,appleid-support-team.com,3,0,0,1
EM00688,Your the hiring panel order confirmation,"Hi, quick reminder that your password for the internal portal expires in 3 days. You can update it any time from Settings > Security once you are logged in. IT Helpdesk",neha@yourbank.com,yourbank.com,0,0,1,0
EM00689,Verify your Steam account now,"Dear user, as part of a routine security review your Steam account access has been temporarily limited. Please confirm your details here to restore full access: http://irs-taxrefund-gov.com/umxqw3b4nth We appreciate your prompt attention to this matter.",service@irs-taxrefund-gov.com,irs-taxrefund-gov.com,3,0,1,1
EM00690,Quarterly report - the hiring panel,"Dear colleague, thank you for your email regarding the hiring panel. I have reviewed the details and will follow up with next steps by end of week. Regards, Priya",priya@yourbank.com,yourbank.com,0,0,1,0
EM00691,Your Apple ID account has been limited,"ALERT! We detected unusual sign-in activity on your account. To avoid disruption, please confirm your identity now by clicking the secure link below: http://dhl-tracking-parcel.xyz/4s8pnne6it1 This link will expire soon. Apple ID Support",service@dhl-tracking-parcel.xyz,dhl-tracking-parcel.xyz,2,1,1,0
EM00692,URGENT: Action required on your Bank of America account,This is an automated message from Bank of America. Security alert: someone tried to log in from a new device. Please update your billing information using the link provided: http://amaz0n-security.info/khmy4sj6bw to prevent loss of access to your account and data.,security@amaz0n-security.info,amaz0n-security.info,2,0,0,0
EM00693,You have a new message from Microsoft 365,"ALERT! Your package could not be delivered - confirm your address. To avoid disruption, please track your package here by clicking the secure link below: http://amaz0n-security.info/ejzhyapdswzp This link will expire soon. Microsoft 365 Support",account-team@amaz0n-security.info,amaz0n-security.info,3,1,0,1
EM00694,You have a new message from Apple ID,"Hello, we noticed a problem with your last order. Your payment could not be processed - update details now. Log in to secure your account: http://secure-verify-account.com/7wfrac8 Sincerely, Apple ID Customer Service",noreply@secure-verify-account.com,secure-verify-account.com,2,0,1,1
EM00695,Verify your DHL Express account now,"Dear User, our records show your payment method has failed. Immediate action required to avoid permanent closure. Claim your reward before it expires: http://wellsfargo-alert-team.co/6taq6u You must act now to avoid additional fees.",service@wellsfargo-alert-team.co,wellsfargo-alert-team.co,2,0,1,1
EM00696,Welcome to holiday schedule,"Hi, this is urgent - please review and approve the holiday schedule document today, our deadline moved up. You can find it in the shared drive. Thanks for the quick turnaround, Jordan",jordan@atlassian.net,atlassian.net,0,0,0,1
EM00697,URGENT: Action required on your Bank of America account,"Dear user, as part of a routine security review your Bank of America account access has been temporarily limited. Please confirm your details here to restore full access: http://steam-community-gift.ru/2w37d4iv We appreciate your prompt attention to this matter.",noreply@steam-community-gift.ru,steam-community-gift.ru,2,0,1,1
EM00698,Wells Fargo Security Alert,"Dear Customer, Unauthorized access attempt blocked - verify your identity. Track your package here: http://amaz0n-security.info/uqed0gv Failure to respond within 24 hours will result in permanent suspension of your Wells Fargo account. Regards, Wells Fargo Security Team",security@amaz0n-security.info,amaz0n-security.info,1,0,1,1
EM00699,Your PayPal account has been limited,"Dear Customer, Security alert: someone tried to log in from a new device. Update your billing information: http://secure-verify-account.com/02gvlls Failure to respond within 24 hours will result in permanent suspension of your PayPal account. Regards, PayPal Security Team",service@secure-verify-account.com,secure-verify-account.com,2,0,0,1
EM00700,Project update - the design review,"Hi, this is urgent - please review and approve the the design review document today, our deadline moved up. You can find it in the shared drive. Thanks for the quick turnaround, Chris",chris@slack.com,slack.com,0,0,0,0
EM00701,You have a new message from Bank of America,"Dear user, as part of a routine security review your Bank of America account access has been temporarily limited. Please confirm your details here to restore full access: http://amaz0n-security.info/viaa2uaqe8b We appreciate your prompt attention to this matter.",security@amaz0n-security.info,amaz0n-security.info,2,0,0,1
EM00702,Apple ID Security Alert,"Dear user, as part of a routine security review your Apple ID account access has been temporarily limited. Please confirm your details here to restore full access: http://update-billing-info.org/ruiwqy6qk We appreciate your prompt attention to this matter.",security@update-billing-info.org,update-billing-info.org,2,0,1,1
EM00703,Welcome to Q3 roadmap,"Dear employee, our IT department will be performing scheduled account verification this week as part of routine security. No action is required from you at this time. HR Team",chris@client-firm.com,client-firm.com,0,0,0,0
EM00704,Re: the hiring panel feedback,"Dear employee, our IT department will be performing scheduled account verification this week as part of routine security. No action is required from you at this time. HR Team",jordan@client-firm.com,client-firm.com,0,0,0,0
EM00705,Invoice #3742 for engineering sync,"Dear employee, our IT department will be performing scheduled account verification this week as part of routine security. No action is required from you at this time. HR Team",sam@notion.so,notion.so,0,0,1,0
EM00706,Verify your Amazon account now,This is an automated message from Amazon. Unauthorized access attempt blocked - verify your identity. Please review the suspicious activity report using the link provided: http://appleid-support-team.com/9fc1xx6cwzxs to prevent loss of access to your account and data.,noreply@appleid-support-team.com,appleid-support-team.com,3,0,1,1
EM00707,Re: the design review feedback,"Hi all, here is this week's newsletter covering the design review and other updates from around the company. Feel free to reply with feedback. Cheers, Neha",neha@yourbank.com,yourbank.com,0,0,0,0
EM00708,Invoice #1573 for the marketing campaign,"Dear colleague, thank you for your email regarding the marketing campaign. I have reviewed the details and will follow up with next steps by end of week. Regards, Alex",alex@client-firm.com,client-firm.com,0,0,0,0
EM00709,FedEx Security Alert,"Hi, I am following up on the invoice we discussed. Could you please review and process payment through the link below at your earliest convenience: http://microsoft-office365-verify.com/5x4w7kyh Let me know if you have any questions. Regards, FedEx Billing",service@microsoft-office365-verify.com,microsoft-office365-verify.com,1,0,1,1
EM00710,You have a new message from DHL Express,"Hi, I am following up on the invoice we discussed. Could you please review and process payment through the link below at your earliest convenience: http://hdfc-netbanking-secure.in/8l2ddh0uyhnq Let me know if you have any questions. Regards, DHL Express Billing",account-team@hdfc-netbanking-secure.in,hdfc-netbanking-secure.in,3,0,0,1
EM00711,Re: the client call feedback,"Dear employee, our IT department will be performing scheduled account verification this week as part of routine security. No action is required from you at this time. HR Team",fatima@client-firm.com,client-firm.com,0,0,0,0
EM00712,You have a new message from DHL Express,"Dear user, as part of a routine security review your DHL Express account access has been temporarily limited. Please confirm your details here to restore full access: http://amaz0n-security.info/qfpodpehcyo We appreciate your prompt attention to this matter.",noreply@amaz0n-security.info,amaz0n-security.info,2,0,1,1
EM00713,Project update - code review,"Hi, your order has been confirmed and will ship within 2 business days. You can track the shipment from your account dashboard. Thank you for your business.",sam@university.edu,university.edu,0,0,0,0
EM00714,Your Netflix account has been limited,"Hello, we noticed a problem with your last order. Your refund of $850.00 is pending your confirmation. Track your package here: http://update-billing-info.org/sxlmt2pnjka3 Sincerely, Netflix Customer Service",service@update-billing-info.org,update-billing-info.org,2,0,0,1
EM00715,Project update - the design review,"Dear colleague, thank you for your email regarding the design review. I have reviewed the details and will follow up with next steps by end of week. Regards, Fatima",fatima@company.com,company.com,0,0,0,0
EM00716,Re: the client call feedback,"Hi, this is urgent - please review and approve the the client call document today, our deadline moved up. You can find it in the shared drive. Thanks for the quick turnaround, Sam",sam@atlassian.net,atlassian.net,0,0,0,0
EM00717,Schedule change for holiday schedule,"Hi, quick reminder that your password for the internal portal expires in 3 days. You can update it any time from Settings > Security once you are logged in. IT Helpdesk",sam@university.edu,university.edu,0,0,0,0
EM00718,Chase Bank Security Alert,"ALERT! This is your final notice before deactivation. To avoid disruption, please review the suspicious activity report by clicking the secure link below: http://wellsfargo-alert-team.co/muurmybd2q This link will expire soon. Chase Bank Support",noreply@wellsfargo-alert-team.co,wellsfargo-alert-team.co,2,1,0,1
EM00719,Verify your FedEx account now,"Hello, we noticed a problem with your last order. Immediate action required to avoid permanent closure. Track your package here: http://steam-community-gift.ru/3fkeoubxxq6m Sincerely, FedEx Customer Service",account-team@steam-community-gift.ru,steam-community-gift.ru,2,0,1,1
EM00720,Project update - onsite training,"Dear employee, our IT department will be performing scheduled account verification this week as part of routine security. No action is required from you at this time. HR Team",alex@slack.com,slack.com,0,0,0,0
EM00721,Welcome to system maintenance,"Hi all, here is this week's newsletter covering system maintenance and other updates from around the company. Feel free to reply with feedback. Cheers, Alex",alex@notion.so,notion.so,1,0,0,0
EM00722,Your holiday schedule order confirmation,"Dear colleague, thank you for your email regarding holiday schedule. I have reviewed the details and will follow up with next steps by end of week. Regards, Alex",alex@hr.company.com,hr.company.com,0,0,0,0
EM00723,Re: code review feedback,"Dear colleague, thank you for your email regarding code review. I have reviewed the details and will follow up with next steps by end of week. Regards, Daniel",daniel@hr.company.com,hr.company.com,1,0,0,0
EM00724,Project update - the office move,"Hello, action needed: please confirm your availability for the office move by end of day so we can finalize the schedule. Reply directly to this email. Thanks, Maria",maria@client-firm.com,client-firm.com,0,0,0,0
EM00725,Verify your FedEx account now,Congratulations! You have been selected to receive a reward from FedEx. Confirm your identity now: http://bankofamerica-alert.co/7s387j5ie3lvo0 Offer valid for 24 hours only. Do not share this email.,support@bankofamerica-alert.co,bankofamerica-alert.co,1,1,0,1
EM00726,Invoice #7864 for holiday schedule,"Hi, quick reminder that your password for the internal portal expires in 3 days. You can update it any time from Settings > Security once you are logged in. IT Helpdesk",fatima@gmail.com,gmail.com,0,0,1,0
EM00727,Verify your Instagram account now,"Hello, our records show your Instagram account requires re-verification following a recent policy update. Please complete this step at your convenience to keep your account in good standing: http://amaz0n-security.info/tv6g8om08t Thank you, Instagram Accounts Team",noreply@amaz0n-security.info,amaz0n-security.info,3,0,0,1
EM00728,You have a new message from Bank of America,"ALERT! We detected unusual sign-in activity on your account. To avoid disruption, please click here to verify your account by clicking the secure link below: http://insta-help-center.com/f0iszhrk This link will expire soon. Bank of America Support",noreply@insta-help-center.com,insta-help-center.com,2,1,1,1
EM00729,Team meeting notes - the hiring panel,"Hello, action needed: please confirm your availability for the hiring panel by end of day so we can finalize the schedule. Reply directly to this email. Thanks, Alex",alex@company.com,company.com,0,0,0,0
EM00730,Your Google Workspace account has been limited,"Dear User, our records show your payment method has failed. Unauthorized access attempt blocked - verify your identity. Update your billing information: http://steam-community-gift.ru/b850pk5l You must act now to avoid additional fees.",support@steam-community-gift.ru,steam-community-gift.ru,1,0,1,1
EM00731,Your Microsoft 365 account has been limited,"Hi, I am following up on the invoice we discussed. Could you please review and process payment through the link below at your earliest convenience: http://amaz0n-security.info/2re6zvlh Let me know if you have any questions. Regards, Microsoft 365 Billing",support@amaz0n-security.info,amaz0n-security.info,1,0,1,1
EM00732,Weekly newsletter: the marketing campaign,"Hi, just a friendly reminder that the marketing campaign is scheduled for tomorrow at 10am. Please come prepared with your updates. See you there, Neha",neha@office.com,office.com,0,0,0,0
EM00733,Your Microsoft 365 account has been limited,"Hi, I am following up on the invoice we discussed. Could you please review and process payment through the link below at your earliest convenience: http://secure-verify-account.com/4xl9967i6yuj7 Let me know if you have any questions. Regards, Microsoft 365 Billing",alert@secure-verify-account.com,secure-verify-account.com,3,0,0,1
EM00734,Your IRS account has been limited,This is an automated message from IRS. Your refund of $850.00 is pending your confirmation. Please reset your password immediately using the link provided: http://update-billing-info.org/8qoldforxo1bd to prevent loss of access to your account and data.,security@update-billing-info.org,update-billing-info.org,2,0,0,1
EM00735,Schedule change for product launch,"Hi, your order has been confirmed and will ship within 2 business days. You can track the shipment from your account dashboard. Thank you for your business.",maria@zoom.us,zoom.us,0,0,1,0
EM00736,Invoice #5086 for holiday schedule,"Hi, just a friendly reminder that holiday schedule is scheduled for tomorrow at 10am. Please come prepared with your updates. See you there, Maria",maria@atlassian.net,atlassian.net,1,0,0,0
EM00737,Project update - the marketing campaign,"Hi all, here is this week's newsletter covering the marketing campaign and other updates from around the company. Feel free to reply with feedback. Cheers, Alex",alex@hr.company.com,hr.company.com,0,0,1,0
EM00738,URGENT: Action required on your IRS account,"Hello, our records show your IRS account requires re-verification following a recent policy update. Please complete this step at your convenience to keep your account in good standing: http://irs-taxrefund-gov.com/xnx4sn6sm5rr Thank you, IRS Accounts Team",alert@irs-taxrefund-gov.com,irs-taxrefund-gov.com,1,0,1,1
EM00739,Welcome to engineering sync,"Hi, quick reminder that your password for the internal portal expires in 3 days. You can update it any time from Settings > Security once you are logged in. IT Helpdesk",daniel@yourbank.com,yourbank.com,0,0,0,0
EM00740,Reminder: holiday schedule tomorrow,"Hi, your order has been confirmed and will ship within 2 business days. You can track the shipment from your account dashboard. Thank you for your business.",sam@notion.so,notion.so,0,0,1,0
EM00741,Your onsite training order confirmation,"Hi, quick reminder that your password for the internal portal expires in 3 days. You can update it any time from Settings > Security once you are logged in. IT Helpdesk",chris@yourbank.com,yourbank.com,0,0,1,0
EM00742,URGENT: Action required on your Wells Fargo account,This is an automated message from Wells Fargo. We detected unusual sign-in activity on your account. Please track your package here using the link provided: http://steam-community-gift.ru/vybjh4oulyo3p to prevent loss of access to your account and data.,service@steam-community-gift.ru,steam-community-gift.ru,2,0,0,1
EM00743,Wells Fargo Security Alert,"Hi, I am following up on the invoice we discussed. Could you please review and process payment through the link below at your earliest convenience: http://paypa1-alerts.net/ib3wyzxjq Let me know if you have any questions. Regards, Wells Fargo Billing",service@paypa1-alerts.net,paypa1-alerts.net,1,0,0,1
EM00744,Weekly newsletter: the office move,"Hi team, sharing notes from today's discussion on the office move. Please review the attached document and add your comments by Friday. Thanks, Jordan",jordan@client-firm.com,client-firm.com,0,0,0,0
EM00745,Schedule change for the annual conference,"Hi, your order has been confirmed and will ship within 2 business days. You can track the shipment from your account dashboard. Thank you for your business.",sam@notion.so,notion.so,1,0,0,1
EM00746,Your Q3 roadmap order confirmation,"Hi, just a friendly reminder that Q3 roadmap is scheduled for tomorrow at 10am. Please come prepared with your updates. See you there, Daniel",daniel@dropbox.com,dropbox.com,0,0,0,0
EM00747,Schedule change for expense report,"Hi, this is urgent - please review and approve the expense report document today, our deadline moved up. You can find it in the shared drive. Thanks for the quick turnaround, Sam",sam@hr.company.com,hr.company.com,0,0,0,0
EM00748,You have a new message from Steam,This is an automated message from Steam. Immediate action required to avoid permanent closure. Please click here to verify your account using the link provided: http://chase-verify-now.com/vcw5magk6p0n1 to prevent loss of access to your account and data.,alert@chase-verify-now.com,chase-verify-now.com,3,0,0,1
EM00749,Netflix Security Alert,"Dear User, our records show your payment method has failed. We detected unusual sign-in activity on your account. Click here to verify your account: http://linkedin-secure-login.net/l9e9zr3rzn9 You must act now to avoid additional fees.",account-team@linkedin-secure-login.net,linkedin-secure-login.net,1,0,0,1
EM00750,Verify your LinkedIn account now,"Dear user, as part of a routine security review your LinkedIn account access has been temporarily limited. Please confirm your details here to restore full access: http://amaz0n-security.info/v239moft6 We appreciate your prompt attention to this matter.",service@amaz0n-security.info,amaz0n-security.info,1,0,0,1
EM00751,Reminder: the design review tomorrow,"Hi, quick reminder that your password for the internal portal expires in 3 days. You can update it any time from Settings > Security once you are logged in. IT Helpdesk",sam@yourbank.com,yourbank.com,0,0,0,0
EM00752,URGENT: Action required on your DHL Express account,"Dear user, as part of a routine security review your DHL Express account access has been temporarily limited. Please confirm your details here to restore full access: http://paypa1-alerts.net/950id03 We appreciate your prompt attention to this matter.",account-team@paypa1-alerts.net,paypa1-alerts.net,1,0,1,1
EM00753,Re: Unusual activity detected - Netflix,"Dear Customer, Your refund of $850.00 is pending your confirmation. Confirm your identity now: http://secure-verify-account.com/kz3nwxrog983am Failure to respond within 24 hours will result in permanent suspension of your Netflix account. Regards, Netflix Security Team",service@secure-verify-account.com,secure-verify-account.com,3,0,1,1
EM00754,Invoice #6582 for engineering sync,"Hello, action needed: please confirm your availability for engineering sync by end of day so we can finalize the schedule. Reply directly to this email. Thanks, Chris",chris@slack.com,slack.com,0,0,1,0
EM00755,URGENT: Action required on your Instagram account,"Dear User, our records show your payment method has failed. This is your final notice before deactivation. Click here to verify your account: http://microsoft-office365-verify.com/8x8l008uhbx You must act now to avoid additional fees.",account-team@microsoft-office365-verify.com,microsoft-office365-verify.com,1,0,1,1
EM00756,Invoice #6847 for system maintenance,"Hi, this is urgent - please review and approve the system maintenance document today, our deadline moved up. You can find it in the shared drive. Thanks for the quick turnaround, Jordan",jordan@zoom.us,zoom.us,1,0,1,0
EM00757,Bank of America Security Alert,"Dear user, as part of a routine security review your Bank of America account access has been temporarily limited. Please confirm your details here to restore full access: http://chase-verify-now.com/h8uzb7kr We appreciate your prompt attention to this matter.",security@chase-verify-now.com,chase-verify-now.com,2,0,1,1
EM00758,Verify your DHL Express account now,"Hello, we noticed a problem with your last order. We detected unusual sign-in activity on your account. Confirm your identity now: http://microsoft-office365-verify.com/s22wybow2 Sincerely, DHL Express Customer Service",alert@microsoft-office365-verify.com,microsoft-office365-verify.com,2,0,0,1
EM00759,You have a new message from IRS,"Dear user, as part of a routine security review your IRS account access has been temporarily limited. Please confirm your details here to restore full access: http://linkedin-secure-login.net/1622vxyzx9jpnb We appreciate your prompt attention to this matter.",support@linkedin-secure-login.net,linkedin-secure-login.net,2,0,0,1
EM00760,You have a new message from LinkedIn,"Dear user, as part of a routine security review your LinkedIn account access has been temporarily limited. Please confirm your details here to restore full access: http://netfIix-account.com/sdygfliji18k We appreciate your prompt attention to this matter.",security@netfIix-account.com,netfIix-account.com,2,0,1,1
EM00761,Re: Unusual activity detected - PayPal,"Hello, our records show your PayPal account requires re-verification following a recent policy update. Please complete this step at your convenience to keep your account in good standing: http://dhl-tracking-parcel.xyz/es6ff7so Thank you, PayPal Accounts Team",security@dhl-tracking-parcel.xyz,dhl-tracking-parcel.xyz,3,0,1,1
EM00762,Verify your DHL Express account now,This is an automated message from DHL Express. Your account will be suspended within 24 hours. Please update your billing information using the link provided: http://secure-verify-account.com/kxwexkg6xb to prevent loss of access to your account and data.,security@secure-verify-account.com,secure-verify-account.com,3,0,1,1
EM00763,DHL Express Security Alert,"Hello, our records show your DHL Express account requires re-verification following a recent policy update. Please complete this step at your convenience to keep your account in good standing: http://dhl-tracking-parcel.xyz/n89qkns83 Thank you, DHL Express Accounts Team",service@dhl-tracking-parcel.xyz,dhl-tracking-parcel.xyz,1,0,1,1
EM00764,Reminder: code review tomorrow,"Hi, quick reminder that your password for the internal portal expires in 3 days. You can update it any time from Settings > Security once you are logged in. IT Helpdesk",alex@github.com,github.com,1,0,0,0
EM00765,Team meeting notes - the annual conference,"Hello, please find attached the invoice #7144 for the annual conference. Payment is due within 30 days per our standard terms. Let me know if you have any questions. Best, Maria",maria@notion.so,notion.so,0,0,1,0
EM00766,URGENT: Action required on your Apple ID account,"Hello, we noticed a problem with your last order. Your package could not be delivered - confirm your address. Track your package here: http://insta-help-center.com/npm6jq Sincerely, Apple ID Customer Service",alert@insta-help-center.com,insta-help-center.com,3,0,0,1
EM00767,Your FedEx account has been limited,"Dear Customer, Immediate action required to avoid permanent closure. Click here to verify your account: http://appleid-support-team.com/ym33mg1zaq7qh Failure to respond within 24 hours will result in permanent suspension of your FedEx account. Regards, FedEx Security Team",account-team@appleid-support-team.com,appleid-support-team.com,3,0,1,1
EM00768,Schedule change for onsite training,"Hi all, here is this week's newsletter covering onsite training and other updates from around the company. Feel free to reply with feedback. Cheers, Fatima",fatima@company.com,company.com,0,0,0,0
EM00769,Quarterly report - the design review,"Hello, please find attached the invoice #9528 for the design review. Payment is due within 30 days per our standard terms. Let me know if you have any questions. Best, Sam",sam@office.com,office.com,0,0,0,0
EM00770,Re: onsite training feedback,"Hi, this is urgent - please review and approve the onsite training document today, our deadline moved up. You can find it in the shared drive. Thanks for the quick turnaround, Neha",neha@client-firm.com,client-firm.com,0,0,0,0
EM00771,Your Chase Bank account has been limited,"ALERT! We detected unusual sign-in activity on your account. To avoid disruption, please log in to secure your account by clicking the secure link below: http://linkedin-secure-login.net/zmtga46ayn This link will expire soon. Chase Bank Support",support@linkedin-secure-login.net,linkedin-secure-login.net,2,1,1,1
EM00772,You have a new message from Google Workspace,"Dear Customer, Your refund of $850.00 is pending your confirmation. Click here to verify your account: http://appleid-support-team.com/9pciflwdr Failure to respond within 24 hours will result in permanent suspension of your Google Workspace account. Regards, Google Workspace Security Team",account-team@appleid-support-team.com,appleid-support-team.com,2,0,1,1
EM00773,Re: Unusual activity detected - Steam,"Hello, we noticed a problem with your last order. Your refund of $850.00 is pending your confirmation. Claim your reward before it expires: http://microsoft-office365-verify.com/85gg0v5dtae Sincerely, Steam Customer Service",noreply@microsoft-office365-verify.com,microsoft-office365-verify.com,2,0,1,1
EM00774,Your PayPal account has been limited,"Dear user, as part of a routine security review your PayPal account access has been temporarily limited. Please confirm your details here to restore full access: http://bankofamerica-alert.co/uotdh0 We appreciate your prompt attention to this matter.",support@bankofamerica-alert.co,bankofamerica-alert.co,2,0,0,1
EM00775,Your the marketing campaign order confirmation,"Hi, just a friendly reminder that the marketing campaign is scheduled for tomorrow at 10am. Please come prepared with your updates. See you there, Jordan",jordan@notion.so,notion.so,0,0,0,0
EM00776,Chase Bank Security Alert,"Dear Customer, Unauthorized access attempt blocked - verify your identity. Update your billing information: http://dhl-tracking-parcel.xyz/j99t2d Failure to respond within 24 hours will result in permanent suspension of your Chase Bank account. Regards, Chase Bank Security Team",security@dhl-tracking-parcel.xyz,dhl-tracking-parcel.xyz,2,0,0,1
EM00777,Google Workspace Security Alert,"Hi, I am following up on the invoice we discussed. Could you please review and process payment through the link below at your earliest convenience: http://linkedin-secure-login.net/oz0kz4z7 Let me know if you have any questions. Regards, Google Workspace Billing",support@linkedin-secure-login.net,linkedin-secure-login.net,1,0,1,1
EM00778,Re: holiday schedule feedback,"Hello, please find attached the invoice #8549 for holiday schedule. Payment is due within 30 days per our standard terms. Let me know if you have any questions. Best, Daniel",daniel@zoom.us,zoom.us,0,0,0,0
EM00779,Wells Fargo Security Alert,"Dear user, as part of a routine security review your Wells Fargo account access has been temporarily limited. Please confirm your details here to restore full access: http://insta-help-center.com/5935a0l72 We appreciate your prompt attention to this matter.",service@insta-help-center.com,insta-help-center.com,1,0,0,1
EM00780,Wells Fargo Security Alert,"Hello, we noticed a problem with your last order. This is your final notice before deactivation. Log in to secure your account: http://bankofamerica-alert.co/zagrd1ppkpgg Sincerely, Wells Fargo Customer Service",noreply@bankofamerica-alert.co,bankofamerica-alert.co,1,0,0,1
EM00781,Project update - code review,"Hi, this is urgent - please review and approve the code review document today, our deadline moved up. You can find it in the shared drive. Thanks for the quick turnaround, Sam",sam@outlook.com,outlook.com,0,0,1,0
EM00782,Project update - expense report,"Dear employee, our IT department will be performing scheduled account verification this week as part of routine security. No action is required from you at this time. HR Team",priya@dropbox.com,dropbox.com,0,0,0,0
EM00783,Your Apple ID account has been limited,"Dear user, as part of a routine security review your Apple ID account access has been temporarily limited. Please confirm your details here to restore full access: http://chase-verify-now.com/1zocfi4o We appreciate your prompt attention to this matter.",noreply@chase-verify-now.com,chase-verify-now.com,3,0,0,1
EM00784,LinkedIn Security Alert,"Dear user, as part of a routine security review your LinkedIn account access has been temporarily limited. Please confirm your details here to restore full access: http://appleid-support-team.com/0h3jujd0ib We appreciate your prompt attention to this matter.",account-team@appleid-support-team.com,appleid-support-team.com,1,0,0,1
EM00785,Schedule change for the client call,"Hi, this is urgent - please review and approve the the client call document today, our deadline moved up. You can find it in the shared drive. Thanks for the quick turnaround, Alex",alex@slack.com,slack.com,0,0,1,0
EM00786,Team meeting notes - code review,"Hi, your order has been confirmed and will ship within 2 business days. You can track the shipment from your account dashboard. Thank you for your business.",sam@atlassian.net,atlassian.net,0,0,1,0
EM00787,Team meeting notes - the office move,"Dear colleague, thank you for your email regarding the office move. I have reviewed the details and will follow up with next steps by end of week. Regards, Maria",maria@gmail.com,gmail.com,1,0,0,0
EM00788,Invoice #6741 for product launch,"Hi all, here is this week's newsletter covering product launch and other updates from around the company. Feel free to reply with feedback. Cheers, Daniel",daniel@university.edu,university.edu,0,0,0,0
EM00789,LinkedIn Security Alert,This is an automated message from LinkedIn. Your refund of $850.00 is pending your confirmation. Please log in to secure your account using the link provided: http://paypa1-alerts.net/9lny2svhotqf to prevent loss of access to your account and data.,noreply@paypa1-alerts.net,paypa1-alerts.net,3,0,1,1
EM00790,Quarterly report - the marketing campaign,"Hi, your order has been confirmed and will ship within 2 business days. You can track the shipment from your account dashboard. Thank you for your business.",neha@gmail.com,gmail.com,0,0,0,0
EM00791,Team meeting notes - the marketing campaign,"Dear colleague, thank you for your email regarding the marketing campaign. I have reviewed the details and will follow up with next steps by end of week. Regards, Chris",chris@university.edu,university.edu,0,0,0,0
EM00792,Re: the marketing campaign feedback,"Hi, your order has been confirmed and will ship within 2 business days. You can track the shipment from your account dashboard. Thank you for your business.",jordan@gmail.com,gmail.com,0,0,0,0
EM00793,Amazon Security Alert,"Dear Customer, Your account will be suspended within 24 hours. Claim your reward before it expires: http://bankofamerica-alert.co/cqg433e1i1p0 Failure to respond within 24 hours will result in permanent suspension of your Amazon account. Regards, Amazon Security Team",noreply@bankofamerica-alert.co,bankofamerica-alert.co,3,0,0,1
EM00794,Schedule change for expense report,"Hi, your order has been confirmed and will ship within 2 business days. You can track the shipment from your account dashboard. Thank you for your business.",priya@office.com,office.com,0,0,0,0
EM00795,Microsoft 365 Security Alert,"Dear user, as part of a routine security review your Microsoft 365 account access has been temporarily limited. Please confirm your details here to restore full access: http://insta-help-center.com/p87wxe6sylz We appreciate your prompt attention to this matter.",support@insta-help-center.com,insta-help-center.com,2,0,1,1
EM00796,Re: the office move feedback,"Hi, your order has been confirmed and will ship within 2 business days. You can track the shipment from your account dashboard. Thank you for your business.",jordan@hr.company.com,hr.company.com,0,0,1,0
EM00797,URGENT: Action required on your Microsoft 365 account,"Dear User, our records show your payment method has failed. Unauthorized access attempt blocked - verify your identity. Claim your reward before it expires: http://secure-verify-account.com/yg4s3meiur9 You must act now to avoid additional fees.",alert@secure-verify-account.com,secure-verify-account.com,2,0,0,1
EM00798,DHL Express Security Alert,"Hello, our records show your DHL Express account requires re-verification following a recent policy update. Please complete this step at your convenience to keep your account in good standing: http://amaz0n-security.info/rzsj49it Thank you, DHL Express Accounts Team",alert@amaz0n-security.info,amaz0n-security.info,3,0,0,1
EM00799,Re: product launch feedback,"Hi, this is urgent - please review and approve the product launch document today, our deadline moved up. You can find it in the shared drive. Thanks for the quick turnaround, Fatima",fatima@university.edu,university.edu,0,0,0,0
EM00800,Re: the office move feedback,"Hi team, sharing notes from today's discussion on the office move. Please review the attached document and add your comments by Friday. Thanks, Sam",sam@atlassian.net,atlassian.net,0,0,0,0
EM00801,Quarterly report - Q3 roadmap,"Hi all, here is this week's newsletter covering Q3 roadmap and other updates from around the company. Feel free to reply with feedback. Cheers, Neha",neha@client-firm.com,client-firm.com,0,0,0,0
EM00802,Your FedEx account has been limited,"Dear User, our records show your payment method has failed. This is your final notice before deactivation. Track your package here: http://amaz0n-security.info/g6mlv8jguz4e2u You must act now to avoid additional fees.",security@amaz0n-security.info,amaz0n-security.info,1,0,1,1
EM00803,Re: Unusual activity detected - Apple ID,"Dear user, as part of a routine security review your Apple ID account access has been temporarily limited. Please confirm your details here to restore full access: http://wellsfargo-alert-team.co/lqbmae38 We appreciate your prompt attention to this matter.",noreply@wellsfargo-alert-team.co,wellsfargo-alert-team.co,2,0,1,1
EM00804,Re: Unusual activity detected - Steam,"Dear user, as part of a routine security review your Steam account access has been temporarily limited. Please confirm your details here to restore full access: http://secure-verify-account.com/7xjz6u We appreciate your prompt attention to this matter.",noreply@secure-verify-account.com,secure-verify-account.com,2,0,1,1
EM00805,Welcome to the annual conference,"Hi, quick reminder that your password for the internal portal expires in 3 days. You can update it any time from Settings > Security once you are logged in. IT Helpdesk",neha@client-firm.com,client-firm.com,0,0,0,0
EM00806,Invoice #1176 for the client call,"Hi, quick reminder that your password for the internal portal expires in 3 days. You can update it any time from Settings > Security once you are logged in. IT Helpdesk",maria@dropbox.com,dropbox.com,0,0,1,0
EM00807,Quarterly report - the design review,"Hello, please find attached the invoice #2509 for the design review. Payment is due within 30 days per our standard terms. Let me know if you have any questions. Best, Priya",priya@atlassian.net,atlassian.net,0,0,1,0
EM00808,DHL Express Security Alert,"ALERT! Security alert: someone tried to log in from a new device. To avoid disruption, please reset your password immediately by clicking the secure link below: http://amaz0n-security.info/1n6kvpuc8 This link will expire soon. DHL Express Support",account-team@amaz0n-security.info,amaz0n-security.info,1,1,1,1
EM00809,Wells Fargo Security Alert,This is an automated message from Wells Fargo. Your payment could not be processed - update details now. Please claim your reward before it expires using the link provided: http://linkedin-secure-login.net/w563bt to prevent loss of access to your account and data.,support@linkedin-secure-login.net,linkedin-secure-login.net,2,0,1,1
EM00810,Re: Unusual activity detected - Apple ID,"Dear user, as part of a routine security review your Apple ID account access has been temporarily limited. Please confirm your details here to restore full access: http://steam-community-gift.ru/ssruraldol6 We appreciate your prompt attention to this matter.",security@steam-community-gift.ru,steam-community-gift.ru,3,0,1,1
EM00811,Your the marketing campaign order confirmation,"Hi team, sharing notes from today's discussion on the marketing campaign. Please review the attached document and add your comments by Friday. Thanks, Alex",alex@hr.company.com,hr.company.com,0,0,0,0
EM00812,You have a new message from PayPal,"Dear user, as part of a routine security review your PayPal account access has been temporarily limited. Please confirm your details here to restore full access: http://dhl-tracking-parcel.xyz/ipicerhnxi We appreciate your prompt attention to this matter.",noreply@dhl-tracking-parcel.xyz,dhl-tracking-parcel.xyz,3,0,1,1
EM00813,URGENT: Action required on your HDFC Bank account,"Dear User, our records show your payment method has failed. Your subscription has expired - renew immediately. Confirm your identity now: http://netfIix-account.com/hjku2w8zuvjutp You must act now to avoid additional fees.",account-team@netfIix-account.com,netfIix-account.com,2,0,1,1
EM00814,URGENT: Action required on your Wells Fargo account,This is an automated message from Wells Fargo. Your package could not be delivered - confirm your address. Please review the suspicious activity report using the link provided: http://hdfc-netbanking-secure.in/xixv6c to prevent loss of access to your account and data.,service@hdfc-netbanking-secure.in,hdfc-netbanking-secure.in,1,0,0,1
EM00815,Your Netflix account has been limited,"Dear user, as part of a routine security review your Netflix account access has been temporarily limited. Please confirm your details here to restore full access: http://update-billing-info.org/8udttj We appreciate your prompt attention to this matter.",alert@update-billing-info.org,update-billing-info.org,1,0,0,1
EM00816,Re: Unusual activity detected - FedEx,"Dear user, as part of a routine security review your FedEx account access has been temporarily limited. Please confirm your details here to restore full access: http://secure-verify-account.com/zz0i08 We appreciate your prompt attention to this matter.",alert@secure-verify-account.com,secure-verify-account.com,1,0,1,1
EM00817,URGENT: Action required on your Apple ID account,"Hi, I am following up on the invoice we discussed. Could you please review and process payment through the link below at your earliest convenience: http://irs-taxrefund-gov.com/2ab2rvndfdw7 Let me know if you have any questions. Regards, Apple ID Billing",security@irs-taxrefund-gov.com,irs-taxrefund-gov.com,2,0,0,1
EM00818,URGENT: Action required on your Wells Fargo account,"Hello, our records show your Wells Fargo account requires re-verification following a recent policy update. Please complete this step at your convenience to keep your account in good standing: http://amaz0n-security.info/dfqs3d6357 Thank you, Wells Fargo Accounts Team",noreply@amaz0n-security.info,amaz0n-security.info,3,0,1,1
EM00819,URGENT: Action required on your PayPal account,"Hello, our records show your PayPal account requires re-verification following a recent policy update. Please complete this step at your convenience to keep your account in good standing: http://hdfc-netbanking-secure.in/0in8910t2f Thank you, PayPal Accounts Team",support@hdfc-netbanking-secure.in,hdfc-netbanking-secure.in,3,0,1,1
EM00820,Welcome to product launch,"Dear colleague, thank you for your email regarding product launch. I have reviewed the details and will follow up with next steps by end of week. Regards, Wei",wei@atlassian.net,atlassian.net,0,0,1,0
EM00821,Invoice #5237 for system maintenance,"Hello, action needed: please confirm your availability for system maintenance by end of day so we can finalize the schedule. Reply directly to this email. Thanks, Alex",alex@client-firm.com,client-firm.com,1,0,1,0
EM00822,Quarterly report - the design review,"Hi, just a friendly reminder that the design review is scheduled for tomorrow at 10am. Please come prepared with your updates. See you there, Wei",wei@atlassian.net,atlassian.net,1,0,0,0
EM00823,Verify your HDFC Bank account now,This is an automated message from HDFC Bank. Your account will be suspended within 24 hours. Please reset your password immediately using the link provided: http://hdfc-netbanking-secure.in/7r1m264up to prevent loss of access to your account and data.,support@hdfc-netbanking-secure.in,hdfc-netbanking-secure.in,1,0,1,1
EM00824,Your Apple ID account has been limited,"Hello, we noticed a problem with your last order. Your account will be suspended within 24 hours. Confirm your identity now: http://wellsfargo-alert-team.co/ihsa7h Sincerely, Apple ID Customer Service",account-team@wellsfargo-alert-team.co,wellsfargo-alert-team.co,1,0,1,1
EM00825,Quarterly report - the client call,"Hi, just a friendly reminder that the client call is scheduled for tomorrow at 10am. Please come prepared with your updates. See you there, Alex",alex@yourbank.com,yourbank.com,0,0,0,0
EM00826,Weekly newsletter: the design review,"Hi all, here is this week's newsletter covering the design review and other updates from around the company. Feel free to reply with feedback. Cheers, Alex",alex@atlassian.net,atlassian.net,0,0,0,0
EM00827,Your PayPal account has been limited,"Dear user, as part of a routine security review your PayPal account access has been temporarily limited. Please confirm your details here to restore full access: http://steam-community-gift.ru/h1fkj4 We appreciate your prompt attention to this matter.",support@steam-community-gift.ru,steam-community-gift.ru,3,0,0,1
EM00828,Chase Bank Security Alert,"ALERT! Your package could not be delivered - confirm your address. To avoid disruption, please claim your reward before it expires by clicking the secure link below: http://appleid-support-team.com/ixccsg4of This link will expire soon. Chase Bank Support",alert@appleid-support-team.com,appleid-support-team.com,2,1,1,1
EM00829,Reminder: expense report tomorrow,"Hi, just a friendly reminder that expense report is scheduled for tomorrow at 10am. Please come prepared with your updates. See you there, Fatima",fatima@yourbank.com,yourbank.com,0,0,0,0
EM00830,Amazon Security Alert,"Dear user, as part of a routine security review your Amazon account access has been temporarily limited. Please confirm your details here to restore full access: http://amaz0n-security.info/5e11e9ftaxp We appreciate your prompt attention to this matter.",account-team@amaz0n-security.info,amaz0n-security.info,3,0,0,1
EM00831,Reminder: expense report tomorrow,"Hi, this is urgent - please review and approve the expense report document today, our deadline moved up. You can find it in the shared drive. Thanks for the quick turnaround, Alex",alex@client-firm.com,client-firm.com,0,0,0,0
EM00832,Project update - the marketing campaign,"Hi, just a friendly reminder that the marketing campaign is scheduled for tomorrow at 10am. Please come prepared with your updates. See you there, Priya",priya@atlassian.net,atlassian.net,0,0,0,0
EM00833,Your Apple ID account has been limited,"Dear user, as part of a routine security review your Apple ID account access has been temporarily limited. Please confirm your details here to restore full access: http://netfIix-account.com/jvrn8lpy857n We appreciate your prompt attention to this matter.",service@netfIix-account.com,netfIix-account.com,1,0,0,1
EM00834,Verify your Netflix account now,"ALERT! Your subscription has expired - renew immediately. To avoid disruption, please update your billing information by clicking the secure link below: http://linkedin-secure-login.net/86i3ce8zna8nzx This link will expire soon. Netflix Support",alert@linkedin-secure-login.net,linkedin-secure-login.net,1,1,0,1
EM00835,Your PayPal account has been limited,"Hi, I am following up on the invoice we discussed. Could you please review and process payment through the link below at your earliest convenience: http://update-billing-info.org/6ssgfxuq4f2 Let me know if you have any questions. Regards, PayPal Billing",noreply@update-billing-info.org,update-billing-info.org,1,0,1,1
EM00836,Your FedEx account has been limited,"Hello, our records show your FedEx account requires re-verification following a recent policy update. Please complete this step at your convenience to keep your account in good standing: http://netfIix-account.com/ncbekg Thank you, FedEx Accounts Team",security@netfIix-account.com,netfIix-account.com,1,0,0,1
EM00837,You have a new message from Netflix,"Hello, our records show your Netflix account requires re-verification following a recent policy update. Please complete this step at your convenience to keep your account in good standing: http://update-billing-info.org/4cfilkjxjq5n Thank you, Netflix Accounts Team",noreply@update-billing-info.org,update-billing-info.org,2,0,0,1
EM00838,Schedule change for budget planning,"Dear employee, our IT department will be performing scheduled account verification this week as part of routine security. No action is required from you at this time. HR Team",maria@github.com,github.com,0,0,0,0
EM00839,Your Bank of America account has been limited,"Dear Customer, This is your final notice before deactivation. Claim your reward before it expires: http://update-billing-info.org/xcq91yy1j2jcn Failure to respond within 24 hours will result in permanent suspension of your Bank of America account. Regards, Bank of America Security Team",service@update-billing-info.org,update-billing-info.org,1,0,1,1
EM00840,Your Microsoft 365 account has been limited,"Dear user, as part of a routine security review your Microsoft 365 account access has been temporarily limited. Please confirm your details here to restore full access: http://appleid-support-team.com/gbmxikvrecjtr We appreciate your prompt attention to this matter.",support@appleid-support-team.com,appleid-support-team.com,2,0,1,1
EM00841,Team meeting notes - Q3 roadmap,"Hi, your order has been confirmed and will ship within 2 business days. You can track the shipment from your account dashboard. Thank you for your business.",maria@hr.company.com,hr.company.com,1,0,0,0
EM00842,Your Apple ID account has been limited,This is an automated message from Apple ID. Your refund of $850.00 is pending your confirmation. Please claim your reward before it expires using the link provided: http://paypa1-alerts.net/crgb93wkcs to prevent loss of access to your account and data.,support@paypa1-alerts.net,paypa1-alerts.net,3,0,1,1
EM00843,Project update - the annual conference,"Hi, quick reminder that your password for the internal portal expires in 3 days. You can update it any time from Settings > Security once you are logged in. IT Helpdesk",fatima@university.edu,university.edu,0,0,0,0
EM00844,Your the hiring panel order confirmation,"Hello, action needed: please confirm your availability for the hiring panel by end of day so we can finalize the schedule. Reply directly to this email. Thanks, Neha",neha@client-firm.com,client-firm.com,0,0,0,0
EM00845,Welcome to the office move,"Hi team, sharing notes from today's discussion on the office move. Please review the attached document and add your comments by Friday. Thanks, Daniel",daniel@notion.so,notion.so,1,0,0,0
EM00846,Re: holiday schedule feedback,"Hi all, here is this week's newsletter covering holiday schedule and other updates from around the company. Feel free to reply with feedback. Cheers, Alex",alex@university.edu,university.edu,1,0,1,0
EM00847,Invoice #9435 for expense report,"Dear employee, our IT department will be performing scheduled account verification this week as part of routine security. No action is required from you at this time. HR Team",maria@outlook.com,outlook.com,0,0,1,0
EM00848,Project update - code review,"Hello, please find attached the invoice #1732 for code review. Payment is due within 30 days per our standard terms. Let me know if you have any questions. Best, Wei",wei@zoom.us,zoom.us,1,0,0,0
EM00849,You have a new message from Wells Fargo,"Dear user, as part of a routine security review your Wells Fargo account access has been temporarily limited. Please confirm your details here to restore full access: http://secure-verify-account.com/8m1g9fk2 We appreciate your prompt attention to this matter.",account-team@secure-verify-account.com,secure-verify-account.com,3,0,0,1
EM00850,Invoice #7282 for the marketing campaign,"Hi, just a friendly reminder that the marketing campaign is scheduled for tomorrow at 10am. Please come prepared with your updates. See you there, Fatima",fatima@slack.com,slack.com,0,0,0,0
EM00851,You have a new message from Google Workspace,"Dear user, as part of a routine security review your Google Workspace account access has been temporarily limited. Please confirm your details here to restore full access: http://dhl-tracking-parcel.xyz/015z11l6spbnq We appreciate your prompt attention to this matter.",security@dhl-tracking-parcel.xyz,dhl-tracking-parcel.xyz,2,0,1,0
EM00852,Team meeting notes - onsite training,"Dear employee, our IT department will be performing scheduled account verification this week as part of routine security. No action is required from you at this time. HR Team",maria@atlassian.net,atlassian.net,0,0,0,0
EM00853,Verify your Netflix account now,Congratulations! You have been selected to receive a reward from Netflix. Review the suspicious activity report: http://irs-taxrefund-gov.com/9tqvdz4x1zhq Offer valid for 24 hours only. Do not share this email.,service@irs-taxrefund-gov.com,irs-taxrefund-gov.com,2,1,1,1
EM00854,Quarterly report - the annual conference,"Hi team, sharing notes from today's discussion on the annual conference. Please review the attached document and add your comments by Friday. Thanks, Maria",maria@yourbank.com,yourbank.com,0,0,0,0
EM00855,Re: Unusual activity detected - Google Workspace,"Dear user, as part of a routine security review your Google Workspace account access has been temporarily limited. Please confirm your details here to restore full access: http://microsoft-office365-verify.com/w2eowlcf We appreciate your prompt attention to this matter.",account-team@microsoft-office365-verify.com,microsoft-office365-verify.com,1,0,1,1
EM00856,Invoice #8907 for code review,"Hi all, here is this week's newsletter covering code review and other updates from around the company. Feel free to reply with feedback. Cheers, Alex",alex@client-firm.com,client-firm.com,1,0,0,0
EM00857,Project update - holiday schedule,"Dear employee, our IT department will be performing scheduled account verification this week as part of routine security. No action is required from you at this time. HR Team",jordan@yourbank.com,yourbank.com,0,0,0,0
EM00858,Re: Unusual activity detected - Bank of America,"Hello, we noticed a problem with your last order. Your subscription has expired - renew immediately. Track your package here: http://paypa1-alerts.net/92v4dus Sincerely, Bank of America Customer Service",security@paypa1-alerts.net,paypa1-alerts.net,1,0,1,1
EM00859,You have a new message from Netflix,"Hi, I am following up on the invoice we discussed. Could you please review and process payment through the link below at your earliest convenience: http://paypa1-alerts.net/vpdcb4owo5 Let me know if you have any questions. Regards, Netflix Billing",security@paypa1-alerts.net,paypa1-alerts.net,2,0,1,1
EM00860,Amazon Security Alert,"Hello, our records show your Amazon account requires re-verification following a recent policy update. Please complete this step at your convenience to keep your account in good standing: http://netfIix-account.com/g3v23gxj0mqvi Thank you, Amazon Accounts Team",security@netfIix-account.com,netfIix-account.com,1,0,0,1
EM00861,Project update - product launch,"Hi all, here is this week's newsletter covering product launch and other updates from around the company. Feel free to reply with feedback. Cheers, Priya",priya@gmail.com,gmail.com,1,0,1,0
EM00862,Your the office move order confirmation,"Dear colleague, thank you for your email regarding the office move. I have reviewed the details and will follow up with next steps by end of week. Regards, Daniel",daniel@office.com,office.com,1,0,0,0
EM00863,Re: Unusual activity detected - Apple ID,Congratulations! You have been selected to receive a reward from Apple ID. Log in to secure your account: http://hdfc-netbanking-secure.in/zycwtiqj7y Offer valid for 24 hours only. Do not share this email.,service@hdfc-netbanking-secure.in,hdfc-netbanking-secure.in,1,1,0,1
EM00864,Weekly newsletter: product launch,"Hi, just a friendly reminder that product launch is scheduled for tomorrow at 10am. Please come prepared with your updates. See you there, Wei",wei@university.edu,university.edu,0,0,0,0
EM00865,Quarterly report - budget planning,"Hi, this is urgent - please review and approve the budget planning document today, our deadline moved up. You can find it in the shared drive. Thanks for the quick turnaround, Chris",chris@company.com,company.com,0,0,0,1
EM00866,You have a new message from Netflix,Congratulations! You have been selected to receive a reward from Netflix. Reset your password immediately: http://appleid-support-team.com/usddtv25ao20u Offer valid for 24 hours only. Do not share this email.,alert@appleid-support-team.com,appleid-support-team.com,1,1,1,1
EM00867,Team meeting notes - the hiring panel,"Hi all, here is this week's newsletter covering the hiring panel and other updates from around the company. Feel free to reply with feedback. Cheers, Jordan",jordan@outlook.com,outlook.com,0,0,0,0
EM00868,Reminder: onsite training tomorrow,"Hi, just a friendly reminder that onsite training is scheduled for tomorrow at 10am. Please come prepared with your updates. See you there, Daniel",daniel@company.com,company.com,0,0,0,0
EM00869,Your PayPal account has been limited,"Hello, our records show your PayPal account requires re-verification following a recent policy update. Please complete this step at your convenience to keep your account in good standing: http://appleid-support-team.com/x9ee346z7wqp3 Thank you, PayPal Accounts Team",support@appleid-support-team.com,appleid-support-team.com,1,0,1,1
EM00870,Welcome to holiday schedule,"Hi all, here is this week's newsletter covering holiday schedule and other updates from around the company. Feel free to reply with feedback. Cheers, Jordan",jordan@zoom.us,zoom.us,1,0,1,0
EM00871,HDFC Bank Security Alert,"Hi, I am following up on the invoice we discussed. Could you please review and process payment through the link below at your earliest convenience: http://linkedin-secure-login.net/weehwjq4ta Let me know if you have any questions. Regards, HDFC Bank Billing",support@linkedin-secure-login.net,linkedin-secure-login.net,3,0,1,1
EM00872,Project update - engineering sync,"Hi team, sharing notes from today's discussion on engineering sync. Please review the attached document and add your comments by Friday. Thanks, Sam",sam@hr.company.com,hr.company.com,0,0,0,0
EM00873,Invoice #3975 for budget planning,"Hi team, sharing notes from today's discussion on budget planning. Please review the attached document and add your comments by Friday. Thanks, Sam",sam@university.edu,university.edu,0,0,0,0
EM00874,Quarterly report - the annual conference,"Hi, quick reminder that your password for the internal portal expires in 3 days. You can update it any time from Settings > Security once you are logged in. IT Helpdesk",alex@atlassian.net,atlassian.net,0,0,0,0
EM00875,Your PayPal account has been limited,"Hi, I am following up on the invoice we discussed. Could you please review and process payment through the link below at your earliest convenience: http://paypa1-alerts.net/s4f6apf Let me know if you have any questions. Regards, PayPal Billing",support@paypa1-alerts.net,paypa1-alerts.net,3,0,1,1
EM00876,Verify your Microsoft 365 account now,"Hi, I am following up on the invoice we discussed. Could you please review and process payment through the link below at your earliest convenience: http://insta-help-center.com/lnqbu4kzrezrd Let me know if you have any questions. Regards, Microsoft 365 Billing",account-team@insta-help-center.com,insta-help-center.com,3,0,1,1
EM00877,You have a new message from PayPal,"Dear user, as part of a routine security review your PayPal account access has been temporarily limited. Please confirm your details here to restore full access: http://amaz0n-security.info/5puu62r We appreciate your prompt attention to this matter.",support@amaz0n-security.info,amaz0n-security.info,1,0,1,0
EM00878,Welcome to engineering sync,"Dear colleague, thank you for your email regarding engineering sync. I have reviewed the details and will follow up with next steps by end of week. Regards, Chris",chris@gmail.com,gmail.com,1,0,1,0
EM00879,Your system maintenance order confirmation,"Dear employee, our IT department will be performing scheduled account verification this week as part of routine security. No action is required from you at this time. HR Team",fatima@office.com,office.com,0,0,0,0
EM00880,Chase Bank Security Alert,"Hello, our records show your Chase Bank account requires re-verification following a recent policy update. Please complete this step at your convenience to keep your account in good standing: http://linkedin-secure-login.net/clbr7tcs4cc5o7 Thank you, Chase Bank Accounts Team",alert@linkedin-secure-login.net,linkedin-secure-login.net,3,0,0,1
EM00881,HDFC Bank Security Alert,"Hello, our records show your HDFC Bank account requires re-verification following a recent policy update. Please complete this step at your convenience to keep your account in good standing: http://microsoft-office365-verify.com/au8p1wkisetuk Thank you, HDFC Bank Accounts Team",noreply@microsoft-office365-verify.com,microsoft-office365-verify.com,3,0,0,1
EM00882,Your system maintenance order confirmation,"Hi, just a friendly reminder that system maintenance is scheduled for tomorrow at 10am. Please come prepared with your updates. See you there, Priya",priya@yourbank.com,yourbank.com,0,0,0,0
EM00883,Project update - product launch,"Hello, action needed: please confirm your availability for product launch by end of day so we can finalize the schedule. Reply directly to this email. Thanks, Neha",neha@university.edu,university.edu,0,0,1,0
EM00884,Your Steam account has been limited,Congratulations! You have been selected to receive a reward from Steam. Update your billing information: http://dhl-tracking-parcel.xyz/xpbwhvnz Offer valid for 24 hours only. Do not share this email.,account-team@dhl-tracking-parcel.xyz,dhl-tracking-parcel.xyz,1,1,0,1
EM00885,Your Bank of America account has been limited,"Hello, our records show your Bank of America account requires re-verification following a recent policy update. Please complete this step at your convenience to keep your account in good standing: http://paypa1-alerts.net/slhu6l29il9yq8 Thank you, Bank of America Accounts Team",security@paypa1-alerts.net,paypa1-alerts.net,2,0,0,1
EM00886,Verify your LinkedIn account now,"Hi, I am following up on the invoice we discussed. Could you please review and process payment through the link below at your earliest convenience: http://bankofamerica-alert.co/n4rxyj38x Let me know if you have any questions. Regards, LinkedIn Billing",support@bankofamerica-alert.co,bankofamerica-alert.co,3,0,1,1
EM00887,URGENT: Action required on your Microsoft 365 account,Congratulations! You have been selected to receive a reward from Microsoft 365. Reset your password immediately: http://secure-verify-account.com/7nidp9mgy Offer valid for 24 hours only. Do not share this email.,account-team@secure-verify-account.com,secure-verify-account.com,1,1,0,1
EM00888,Invoice #7904 for Q3 roadmap,"Hi, your order has been confirmed and will ship within 2 business days. You can track the shipment from your account dashboard. Thank you for your business.",maria@company.com,company.com,1,0,0,0
EM00889,Your Instagram account has been limited,"Hi, I am following up on the invoice we discussed. Could you please review and process payment through the link below at your earliest convenience: http://update-billing-info.org/jvny1kcven3v Let me know if you have any questions. Regards, Instagram Billing",noreply@update-billing-info.org,update-billing-info.org,1,0,1,1
EM00890,Verify your Microsoft 365 account now,Congratulations! You have been selected to receive a reward from Microsoft 365. Log in to secure your account: http://steam-community-gift.ru/h5csk30lvylkfx Offer valid for 24 hours only. Do not share this email.,service@steam-community-gift.ru,steam-community-gift.ru,2,1,0,1
EM00891,Schedule change for onsite training,"Hi, quick reminder that your password for the internal portal expires in 3 days. You can update it any time from Settings > Security once you are logged in. IT Helpdesk",sam@slack.com,slack.com,0,0,1,0
EM00892,URGENT: Action required on your LinkedIn account,"Hello, our records show your LinkedIn account requires re-verification following a recent policy update. Please complete this step at your convenience to keep your account in good standing: http://steam-community-gift.ru/v3izky2 Thank you, LinkedIn Accounts Team",service@steam-community-gift.ru,steam-community-gift.ru,3,0,1,1
EM00893,Weekly newsletter: holiday schedule,"Hi, this is urgent - please review and approve the holiday schedule document today, our deadline moved up. You can find it in the shared drive. Thanks for the quick turnaround, Jordan",jordan@zoom.us,zoom.us,0,0,0,0
EM00894,Verify your Instagram account now,"Hello, we noticed a problem with your last order. This is your final notice before deactivation. Reset your password immediately: http://dhl-tracking-parcel.xyz/bmyofqewaouax Sincerely, Instagram Customer Service",support@dhl-tracking-parcel.xyz,dhl-tracking-parcel.xyz,1,0,1,1
EM00895,Weekly newsletter: system maintenance,"Dear employee, our IT department will be performing scheduled account verification this week as part of routine security. No action is required from you at this time. HR Team",maria@company.com,company.com,1,0,0,0
EM00896,Team meeting notes - holiday schedule,"Hi, quick reminder that your password for the internal portal expires in 3 days. You can update it any time from Settings > Security once you are logged in. IT Helpdesk",chris@outlook.com,outlook.com,0,0,0,0
EM00897,Microsoft 365 Security Alert,"Dear User, our records show your payment method has failed. Unauthorized access attempt blocked - verify your identity. Review the suspicious activity report: http://linkedin-secure-login.net/0d1b4xgmpw5d You must act now to avoid additional fees.",security@linkedin-secure-login.net,linkedin-secure-login.net,2,0,1,1
EM00898,Reminder: the annual conference tomorrow,"Hello, please find attached the invoice #5920 for the annual conference. Payment is due within 30 days per our standard terms. Let me know if you have any questions. Best, Fatima",fatima@company.com,company.com,0,0,1,0
EM00899,Apple ID Security Alert,Congratulations! You have been selected to receive a reward from Apple ID. Reset your password immediately: http://irs-taxrefund-gov.com/71yzoyn6q Offer valid for 24 hours only. Do not share this email.,security@irs-taxrefund-gov.com,irs-taxrefund-gov.com,2,1,0,1
EM00900,Your Steam account has been limited,"Dear user, as part of a routine security review your Steam account access has been temporarily limited. Please confirm your details here to restore full access: http://microsoft-office365-verify.com/j9dv3u We appreciate your prompt attention to this matter.",security@microsoft-office365-verify.com,microsoft-office365-verify.com,1,0,0,1
EM00901,Team meeting notes - engineering sync,"Hi, just a friendly reminder that engineering sync is scheduled for tomorrow at 10am. Please come prepared with your updates. See you there, Wei",wei@office.com,office.com,0,0,0,0
EM00902,Invoice #7879 for the design review,"Hello, please find attached the invoice #7879 for the design review. Payment is due within 30 days per our standard terms. Let me know if you have any questions. Best, Wei",wei@university.edu,university.edu,1,0,0,0
EM00903,Project update - Q3 roadmap,"Hello, action needed: please confirm your availability for Q3 roadmap by end of day so we can finalize the schedule. Reply directly to this email. Thanks, Maria",maria@github.com,github.com,0,0,0,0
EM00904,Team meeting notes - the design review,"Hi, quick reminder that your password for the internal portal expires in 3 days. You can update it any time from Settings > Security once you are logged in. IT Helpdesk",daniel@hr.company.com,hr.company.com,1,0,1,0
EM00905,Reminder: code review tomorrow,"Dear colleague, thank you for your email regarding code review. I have reviewed the details and will follow up with next steps by end of week. Regards, Fatima",fatima@hr.company.com,hr.company.com,0,0,0,0
EM00906,Welcome to budget planning,"Hi, this is urgent - please review and approve the budget planning document today, our deadline moved up. You can find it in the shared drive. Thanks for the quick turnaround, Jordan",jordan@atlassian.net,atlassian.net,0,0,0,1
EM00907,Schedule change for engineering sync,"Hi, quick reminder that your password for the internal portal expires in 3 days. You can update it any time from Settings > Security once you are logged in. IT Helpdesk",alex@gmail.com,gmail.com,0,0,0,0
EM00908,You have a new message from Microsoft 365,"Hi, I am following up on the invoice we discussed. Could you please review and process payment through the link below at your earliest convenience: http://secure-verify-account.com/kkvpjrmey Let me know if you have any questions. Regards, Microsoft 365 Billing",support@secure-verify-account.com,secure-verify-account.com,2,0,1,1
EM00909,Your Instagram account has been limited,"Hello, our records show your Instagram account requires re-verification following a recent policy update. Please complete this step at your convenience to keep your account in good standing: http://netfIix-account.com/k791zyrru7zkut Thank you, Instagram Accounts Team",support@netfIix-account.com,netfIix-account.com,2,0,0,1
EM00910,Your Steam account has been limited,"Hi, I am following up on the invoice we discussed. Could you please review and process payment through the link below at your earliest convenience: http://secure-verify-account.com/p9jyqn15ikp Let me know if you have any questions. Regards, Steam Billing",security@secure-verify-account.com,secure-verify-account.com,2,0,0,1
EM00911,Re: Unusual activity detected - Wells Fargo,"Dear User, our records show your payment method has failed. Security alert: someone tried to log in from a new device. Log in to secure your account: http://update-billing-info.org/uduahgk6t9dhsz You must act now to avoid additional fees.",alert@update-billing-info.org,update-billing-info.org,1,0,1,1
EM00912,Weekly newsletter: the office move,"Dear colleague, thank you for your email regarding the office move. I have reviewed the details and will follow up with next steps by end of week. Regards, Fatima",fatima@gmail.com,gmail.com,0,0,0,0
EM00913,You have a new message from Wells Fargo,"Dear User, our records show your payment method has failed. Security alert: someone tried to log in from a new device. Claim your reward before it expires: http://dhl-tracking-parcel.xyz/5j42oi6oaf You must act now to avoid additional fees.",account-team@dhl-tracking-parcel.xyz,dhl-tracking-parcel.xyz,3,0,1,1
EM00914,Re: code review feedback,"Hi, quick reminder that your password for the internal portal expires in 3 days. You can update it any time from Settings > Security once you are logged in. IT Helpdesk",wei@gmail.com,gmail.com,0,0,0,0
EM00915,Re: the marketing campaign feedback,"Hi, this is urgent - please review and approve the the marketing campaign document today, our deadline moved up. You can find it in the shared drive. Thanks for the quick turnaround, Jordan",jordan@slack.com,slack.com,0,0,0,0
EM00916,Quarterly report - the annual conference,"Hello, action needed: please confirm your availability for the annual conference by end of day so we can finalize the schedule. Reply directly to this email. Thanks, Chris",chris@atlassian.net,atlassian.net,1,0,0,0
EM00917,Weekly newsletter: the annual conference,"Dear employee, our IT department will be performing scheduled account verification this week as part of routine security. No action is required from you at this time. HR Team",neha@office.com,office.com,0,0,0,0
EM00918,Reminder: Q3 roadmap tomorrow,"Hi, this is urgent - please review and approve the Q3 roadmap document today, our deadline moved up. You can find it in the shared drive. Thanks for the quick turnaround, Wei",wei@gmail.com,gmail.com,0,0,0,0
EM00919,URGENT: Action required on your PayPal account,"Hi, I am following up on the invoice we discussed. Could you please review and process payment through the link below at your earliest convenience: http://dhl-tracking-parcel.xyz/amugysm8t2sa Let me know if you have any questions. Regards, PayPal Billing",account-team@dhl-tracking-parcel.xyz,dhl-tracking-parcel.xyz,2,0,1,1
EM00920,Invoice #6530 for the hiring panel,"Hi, quick reminder that your password for the internal portal expires in 3 days. You can update it any time from Settings > Security once you are logged in. IT Helpdesk",priya@dropbox.com,dropbox.com,1,0,1,0
EM00921,URGENT: Action required on your LinkedIn account,"Hi, I am following up on the invoice we discussed. Could you please review and process payment through the link below at your earliest convenience: http://amaz0n-security.info/mkzebbk7w Let me know if you have any questions. Regards, LinkedIn Billing",security@amaz0n-security.info,amaz0n-security.info,3,0,1,1
EM00922,Invoice #5789 for the client call,"Hi, your order has been confirmed and will ship within 2 business days. You can track the shipment from your account dashboard. Thank you for your business.",jordan@zoom.us,zoom.us,1,0,0,1
EM00923,You have a new message from Amazon,"Dear user, as part of a routine security review your Amazon account access has been temporarily limited. Please confirm your details here to restore full access: http://steam-community-gift.ru/l8xkgyg We appreciate your prompt attention to this matter.",noreply@steam-community-gift.ru,steam-community-gift.ru,1,0,0,1
EM00924,Your expense report order confirmation,"Hi, your order has been confirmed and will ship within 2 business days. You can track the shipment from your account dashboard. Thank you for your business.",fatima@office.com,office.com,0,0,0,0
EM00925,Verify your Instagram account now,"Hello, we noticed a problem with your last order. Immediate action required to avoid permanent closure. Click here to verify your account: http://microsoft-office365-verify.com/0vaiy4va13u1 Sincerely, Instagram Customer Service",alert@microsoft-office365-verify.com,microsoft-office365-verify.com,3,0,1,1
EM00926,Your the annual conference order confirmation,"Hi, just a friendly reminder that the annual conference is scheduled for tomorrow at 10am. Please come prepared with your updates. See you there, Sam",sam@github.com,github.com,0,0,1,0
EM00927,You have a new message from IRS,"ALERT! Your package could not be delivered - confirm your address. To avoid disruption, please review the suspicious activity report by clicking the secure link below: http://hdfc-netbanking-secure.in/kt7s1g This link will expire soon. IRS Support",support@hdfc-netbanking-secure.in,hdfc-netbanking-secure.in,3,1,1,1
EM00928,Your engineering sync order confirmation,"Hello, please find attached the invoice #3868 for engineering sync. Payment is due within 30 days per our standard terms. Let me know if you have any questions. Best, Wei",wei@company.com,company.com,0,0,0,0
EM00929,URGENT: Action required on your Steam account,"Dear user, as part of a routine security review your Steam account access has been temporarily limited. Please confirm your details here to restore full access: http://chase-verify-now.com/p7pp4bf5l We appreciate your prompt attention to this matter.",noreply@chase-verify-now.com,chase-verify-now.com,3,0,1,1
EM00930,Re: code review feedback,"Hi, quick reminder that your password for the internal portal expires in 3 days. You can update it any time from Settings > Security once you are logged in. IT Helpdesk",fatima@company.com,company.com,0,0,0,0
EM00931,Project update - code review,"Hi, this is urgent - please review and approve the code review document today, our deadline moved up. You can find it in the shared drive. Thanks for the quick turnaround, Sam",sam@gmail.com,gmail.com,0,0,0,0
EM00932,Steam Security Alert,"Dear User, our records show your payment method has failed. Your subscription has expired - renew immediately. Confirm your identity now: http://bankofamerica-alert.co/h9ptfn You must act now to avoid additional fees.",support@bankofamerica-alert.co,bankofamerica-alert.co,3,0,0,1
EM00933,URGENT: Action required on your Steam account,"Dear user, as part of a routine security review your Steam account access has been temporarily limited. Please confirm your details here to restore full access: http://bankofamerica-alert.co/v1w4k2tczs8 We appreciate your prompt attention to this matter.",alert@bankofamerica-alert.co,bankofamerica-alert.co,1,0,1,1
EM00934,Team meeting notes - system maintenance,"Hi, this is urgent - please review and approve the system maintenance document today, our deadline moved up. You can find it in the shared drive. Thanks for the quick turnaround, Fatima",fatima@notion.so,notion.so,0,0,0,0
EM00935,Your engineering sync order confirmation,"Hi all, here is this week's newsletter covering engineering sync and other updates from around the company. Feel free to reply with feedback. Cheers, Wei",wei@slack.com,slack.com,1,0,0,0
EM00936,Netflix Security Alert,"Dear user, as part of a routine security review your Netflix account access has been temporarily limited. Please confirm your details here to restore full access: http://amaz0n-security.info/unfvobbz2sf We appreciate your prompt attention to this matter.",service@amaz0n-security.info,amaz0n-security.info,3,0,1,1
EM00937,Reminder: the marketing campaign tomorrow,"Hi, this is urgent - please review and approve the the marketing campaign document today, our deadline moved up. You can find it in the shared drive. Thanks for the quick turnaround, Sam",sam@hr.company.com,hr.company.com,1,0,1,0
EM00938,You have a new message from Bank of America,"Hi, I am following up on the invoice we discussed. Could you please review and process payment through the link below at your earliest convenience: http://bankofamerica-alert.co/9212pgyme6r Let me know if you have any questions. Regards, Bank of America Billing",service@bankofamerica-alert.co,bankofamerica-alert.co,3,0,1,1
EM00939,Re: Unusual activity detected - FedEx,"ALERT! Unauthorized access attempt blocked - verify your identity. To avoid disruption, please log in to secure your account by clicking the secure link below: http://appleid-support-team.com/xlk8wru1x This link will expire soon. FedEx Support",service@appleid-support-team.com,appleid-support-team.com,2,1,0,1
EM00940,Your the client call order confirmation,"Hi, your order has been confirmed and will ship within 2 business days. You can track the shipment from your account dashboard. Thank you for your business.",daniel@zoom.us,zoom.us,0,0,0,0
EM00941,Team meeting notes - code review,"Dear employee, our IT department will be performing scheduled account verification this week as part of routine security. No action is required from you at this time. HR Team",daniel@slack.com,slack.com,0,0,1,0
EM00942,Verify your Amazon account now,"Hello, we noticed a problem with your last order. Security alert: someone tried to log in from a new device. Claim your reward before it expires: http://dhl-tracking-parcel.xyz/ubjjjx1alx4 Sincerely, Amazon Customer Service",noreply@dhl-tracking-parcel.xyz,dhl-tracking-parcel.xyz,1,0,1,1
EM00943,You have a new message from LinkedIn,"Dear user, as part of a routine security review your LinkedIn account access has been temporarily limited. Please confirm your details here to restore full access: http://dhl-tracking-parcel.xyz/2c9ros7yt2m6 We appreciate your prompt attention to this matter.",account-team@dhl-tracking-parcel.xyz,dhl-tracking-parcel.xyz,1,0,0,1
EM00944,Re: the design review feedback,"Hi, just a friendly reminder that the design review is scheduled for tomorrow at 10am. Please come prepared with your updates. See you there, Wei",wei@outlook.com,outlook.com,1,0,0,0
EM00945,Schedule change for the marketing campaign,"Hi, your order has been confirmed and will ship within 2 business days. You can track the shipment from your account dashboard. Thank you for your business.",alex@yourbank.com,yourbank.com,0,0,0,0
EM00946,Welcome to the office move,"Hi, just a friendly reminder that the office move is scheduled for tomorrow at 10am. Please come prepared with your updates. See you there, Fatima",fatima@office.com,office.com,0,0,0,0
EM00947,Your Bank of America account has been limited,"Dear User, our records show your payment method has failed. Your payment could not be processed - update details now. Click here to verify your account: http://update-billing-info.org/ibf57j2xi3tamv You must act now to avoid additional fees.",security@update-billing-info.org,update-billing-info.org,3,0,1,1
EM00948,Team meeting notes - expense report,"Hi, your order has been confirmed and will ship within 2 business days. You can track the shipment from your account dashboard. Thank you for your business.",neha@office.com,office.com,0,0,1,0
EM00949,Wells Fargo Security Alert,"Dear Customer, Your account will be suspended within 24 hours. Review the suspicious activity report: http://amaz0n-security.info/oapht6o6 Failure to respond within 24 hours will result in permanent suspension of your Wells Fargo account. Regards, Wells Fargo Security Team",account-team@amaz0n-security.info,amaz0n-security.info,2,0,0,1
EM00950,Team meeting notes - holiday schedule,"Hi, just a friendly reminder that holiday schedule is scheduled for tomorrow at 10am. Please come prepared with your updates. See you there, Priya",priya@zoom.us,zoom.us,0,0,0,0
EM00951,Reminder: the design review tomorrow,"Hi all, here is this week's newsletter covering the design review and other updates from around the company. Feel free to reply with feedback. Cheers, Maria",maria@office.com,office.com,0,0,1,0
EM00952,Weekly newsletter: budget planning,"Hi, this is urgent - please review and approve the budget planning document today, our deadline moved up. You can find it in the shared drive. Thanks for the quick turnaround, Maria",maria@zoom.us,zoom.us,0,0,1,0
EM00953,You have a new message from FedEx,This is an automated message from FedEx. Your account will be suspended within 24 hours. Please reset your password immediately using the link provided: http://hdfc-netbanking-secure.in/uhtcs1 to prevent loss of access to your account and data.,account-team@hdfc-netbanking-secure.in,hdfc-netbanking-secure.in,3,0,0,1
EM00954,HDFC Bank Security Alert,"Dear user, as part of a routine security review your HDFC Bank account access has been temporarily limited. Please confirm your details here to restore full access: http://wellsfargo-alert-team.co/yv2stn7e3 We appreciate your prompt attention to this matter.",alert@wellsfargo-alert-team.co,wellsfargo-alert-team.co,3,0,0,1
EM00955,Welcome to code review,"Hi, just a friendly reminder that code review is scheduled for tomorrow at 10am. Please come prepared with your updates. See you there, Priya",priya@hr.company.com,hr.company.com,1,0,1,0
EM00956,Verify your PayPal account now,"Hello, we noticed a problem with your last order. Your payment could not be processed - update details now. Log in to secure your account: http://linkedin-secure-login.net/kb68rervt997 Sincerely, PayPal Customer Service",alert@linkedin-secure-login.net,linkedin-secure-login.net,2,0,1,1
EM00957,Your engineering sync order confirmation,"Hi, quick reminder that your password for the internal portal expires in 3 days. You can update it any time from Settings > Security once you are logged in. IT Helpdesk",jordan@yourbank.com,yourbank.com,0,0,1,0
EM00958,Re: Unusual activity detected - PayPal,"Hi, I am following up on the invoice we discussed. Could you please review and process payment through the link below at your earliest convenience: http://irs-taxrefund-gov.com/dck82853uy8u11 Let me know if you have any questions. Regards, PayPal Billing",noreply@irs-taxrefund-gov.com,irs-taxrefund-gov.com,3,0,0,1
EM00959,Schedule change for the client call,"Dear employee, our IT department will be performing scheduled account verification this week as part of routine security. No action is required from you at this time. HR Team",sam@hr.company.com,hr.company.com,1,0,0,0
EM00960,You have a new message from Google Workspace,"Hi, I am following up on the invoice we discussed. Could you please review and process payment through the link below at your earliest convenience: http://linkedin-secure-login.net/vycs44phh62myz Let me know if you have any questions. Regards, Google Workspace Billing",account-team@linkedin-secure-login.net,linkedin-secure-login.net,2,0,1,1
EM00961,Verify your DHL Express account now,"ALERT! Your package could not be delivered - confirm your address. To avoid disruption, please claim your reward before it expires by clicking the secure link below: http://chase-verify-now.com/n7h9g1a07h23 This link will expire soon. DHL Express Support",account-team@chase-verify-now.com,chase-verify-now.com,2,1,0,1
EM00962,Re: the hiring panel feedback,"Hi, this is urgent - please review and approve the the hiring panel document today, our deadline moved up. You can find it in the shared drive. Thanks for the quick turnaround, Jordan",jordan@gmail.com,gmail.com,0,0,0,0
EM00963,Project update - the annual conference,"Hello, please find attached the invoice #4013 for the annual conference. Payment is due within 30 days per our standard terms. Let me know if you have any questions. Best, Sam",sam@outlook.com,outlook.com,0,0,0,0
EM00964,Your Netflix account has been limited,"Hi, I am following up on the invoice we discussed. Could you please review and process payment through the link below at your earliest convenience: http://update-billing-info.org/9upnhz Let me know if you have any questions. Regards, Netflix Billing",service@update-billing-info.org,update-billing-info.org,1,0,1,1
EM00965,Project update - the annual conference,"Hi, just a friendly reminder that the annual conference is scheduled for tomorrow at 10am. Please come prepared with your updates. See you there, Alex",alex@slack.com,slack.com,1,0,0,0
EM00966,Re: Unusual activity detected - Apple ID,"Hi, I am following up on the invoice we discussed. Could you please review and process payment through the link below at your earliest convenience: http://chase-verify-now.com/l5015oop Let me know if you have any questions. Regards, Apple ID Billing",service@chase-verify-now.com,chase-verify-now.com,1,0,0,1
EM00967,Chase Bank Security Alert,"Dear user, as part of a routine security review your Chase Bank account access has been temporarily limited. Please confirm your details here to restore full access: http://bankofamerica-alert.co/iy4kl9ar We appreciate your prompt attention to this matter.",security@bankofamerica-alert.co,bankofamerica-alert.co,1,0,0,1
EM00968,Schedule change for system maintenance,"Hi team, sharing notes from today's discussion on system maintenance. Please review the attached document and add your comments by Friday. Thanks, Jordan",jordan@company.com,company.com,1,0,1,0
EM00969,Your Wells Fargo account has been limited,"Dear user, as part of a routine security review your Wells Fargo account access has been temporarily limited. Please confirm your details here to restore full access: http://bankofamerica-alert.co/1uu7zy6 We appreciate your prompt attention to this matter.",noreply@bankofamerica-alert.co,bankofamerica-alert.co,1,0,0,1
EM00970,Re: engineering sync feedback,"Hi, your order has been confirmed and will ship within 2 business days. You can track the shipment from your account dashboard. Thank you for your business.",maria@notion.so,notion.so,0,0,1,0
EM00971,Your Q3 roadmap order confirmation,"Hi, just a friendly reminder that Q3 roadmap is scheduled for tomorrow at 10am. Please come prepared with your updates. See you there, Jordan",jordan@zoom.us,zoom.us,0,0,1,0
EM00972,Weekly newsletter: the marketing campaign,"Hi, your order has been confirmed and will ship within 2 business days. You can track the shipment from your account dashboard. Thank you for your business.",chris@yourbank.com,yourbank.com,0,0,0,0
EM00973,Invoice #2262 for code review,"Hello, please find attached the invoice #2262 for code review. Payment is due within 30 days per our standard terms. Let me know if you have any questions. Best, Jordan",jordan@notion.so,notion.so,0,0,0,0
EM00974,URGENT: Action required on your HDFC Bank account,"Dear User, our records show your payment method has failed. Your payment could not be processed - update details now. Click here to verify your account: http://irs-taxrefund-gov.com/ueaxyl You must act now to avoid additional fees.",support@irs-taxrefund-gov.com,irs-taxrefund-gov.com,2,0,1,1
EM00975,Schedule change for the hiring panel,"Hi, quick reminder that your password for the internal portal expires in 3 days. You can update it any time from Settings > Security once you are logged in. IT Helpdesk",chris@slack.com,slack.com,0,0,0,0
EM00976,URGENT: Action required on your Apple ID account,"Hi, I am following up on the invoice we discussed. Could you please review and process payment through the link below at your earliest convenience: http://update-billing-info.org/eyub19txc Let me know if you have any questions. Regards, Apple ID Billing",service@update-billing-info.org,update-billing-info.org,1,0,0,1
EM00977,Re: Unusual activity detected - Chase Bank,Congratulations! You have been selected to receive a reward from Chase Bank. Claim your reward before it expires: http://wellsfargo-alert-team.co/f00terkmby9 Offer valid for 24 hours only. Do not share this email.,noreply@wellsfargo-alert-team.co,wellsfargo-alert-team.co,2,1,0,1
EM00978,PayPal Security Alert,"Hello, our records show your PayPal account requires re-verification following a recent policy update. Please complete this step at your convenience to keep your account in good standing: http://insta-help-center.com/m0jbwcv6hve8d Thank you, PayPal Accounts Team",noreply@insta-help-center.com,insta-help-center.com,3,0,0,1
EM00979,Re: expense report feedback,"Hello, please find attached the invoice #6633 for expense report. Payment is due within 30 days per our standard terms. Let me know if you have any questions. Best, Alex",alex@github.com,github.com,0,0,0,0
EM00980,Your Microsoft 365 account has been limited,"ALERT! Your subscription has expired - renew immediately. To avoid disruption, please click here to verify your account by clicking the secure link below: http://linkedin-secure-login.net/94pdzp This link will expire soon. Microsoft 365 Support",alert@linkedin-secure-login.net,linkedin-secure-login.net,1,1,0,1
EM00981,Project update - the design review,"Hello, action needed: please confirm your availability for the design review by end of day so we can finalize the schedule. Reply directly to this email. Thanks, Sam",sam@client-firm.com,client-firm.com,1,0,0,0
EM00982,Your the design review order confirmation,"Hi, just a friendly reminder that the design review is scheduled for tomorrow at 10am. Please come prepared with your updates. See you there, Sam",sam@atlassian.net,atlassian.net,0,0,1,0
EM00983,Your DHL Express account has been limited,"Hi, I am following up on the invoice we discussed. Could you please review and process payment through the link below at your earliest convenience: http://steam-community-gift.ru/f5a7qy8yb7 Let me know if you have any questions. Regards, DHL Express Billing",noreply@steam-community-gift.ru,steam-community-gift.ru,3,0,1,1
EM00984,Verify your Amazon account now,Congratulations! You have been selected to receive a reward from Amazon. Update your billing information: http://update-billing-info.org/caqvkizzqy72wx Offer valid for 24 hours only. Do not share this email.,security@update-billing-info.org,update-billing-info.org,3,1,0,1
EM00985,Team meeting notes - the client call,"Hi, just a friendly reminder that the client call is scheduled for tomorrow at 10am. Please come prepared with your updates. See you there, Fatima",fatima@zoom.us,zoom.us,0,0,0,0
EM00986,Welcome to product launch,"Hi all, here is this week's newsletter covering product launch and other updates from around the company. Feel free to reply with feedback. Cheers, Maria",maria@notion.so,notion.so,0,0,1,0
EM00987,Invoice #4171 for onsite training,"Hi all, here is this week's newsletter covering onsite training and other updates from around the company. Feel free to reply with feedback. Cheers, Neha",neha@office.com,office.com,0,0,0,0
EM00988,Verify your Wells Fargo account now,"Hello, our records show your Wells Fargo account requires re-verification following a recent policy update. Please complete this step at your convenience to keep your account in good standing: http://linkedin-secure-login.net/f1bcpp Thank you, Wells Fargo Accounts Team",noreply@linkedin-secure-login.net,linkedin-secure-login.net,2,0,0,1
EM00989,Schedule change for the office move,"Hi all, here is this week's newsletter covering the office move and other updates from around the company. Feel free to reply with feedback. Cheers, Priya",priya@notion.so,notion.so,0,0,1,0
EM00990,Re: the hiring panel feedback,"Dear employee, our IT department will be performing scheduled account verification this week as part of routine security. No action is required from you at this time. HR Team",jordan@zoom.us,zoom.us,1,0,0,0
EM00991,Project update - code review,"Hi, just a friendly reminder that code review is scheduled for tomorrow at 10am. Please come prepared with your updates. See you there, Alex",alex@slack.com,slack.com,0,0,1,0
EM00992,FedEx Security Alert,This is an automated message from FedEx. Your refund of $850.00 is pending your confirmation. Please claim your reward before it expires using the link provided: http://steam-community-gift.ru/gfhz52qzs to prevent loss of access to your account and data.,service@steam-community-gift.ru,steam-community-gift.ru,3,0,1,1
EM00993,Re: Unusual activity detected - Microsoft 365,"ALERT! We detected unusual sign-in activity on your account. To avoid disruption, please update your billing information by clicking the secure link below: http://irs-taxrefund-gov.com/fli4ofwwn This link will expire soon. Microsoft 365 Support",security@irs-taxrefund-gov.com,irs-taxrefund-gov.com,2,1,1,1
EM00994,Re: onsite training feedback,"Dear employee, our IT department will be performing scheduled account verification this week as part of routine security. No action is required from you at this time. HR Team",jordan@client-firm.com,client-firm.com,0,0,0,0
EM00995,Re: Unusual activity detected - IRS,"Hi, I am following up on the invoice we discussed. Could you please review and process payment through the link below at your earliest convenience: http://irs-taxrefund-gov.com/y89sfqeri7b03 Let me know if you have any questions. Regards, IRS Billing",security@irs-taxrefund-gov.com,irs-taxrefund-gov.com,1,0,1,1
EM00996,Re: Unusual activity detected - Amazon,Congratulations! You have been selected to receive a reward from Amazon. Review the suspicious activity report: http://linkedin-secure-login.net/peqydbpgvv4zwl Offer valid for 24 hours only. Do not share this email.,account-team@linkedin-secure-login.net,linkedin-secure-login.net,3,1,0,1
EM00997,Reminder: expense report tomorrow,"Hello, action needed: please confirm your availability for expense report by end of day so we can finalize the schedule. Reply directly to this email. Thanks, Chris",chris@notion.so,notion.so,1,0,0,0
EM00998,Verify your Microsoft 365 account now,"Dear Customer, We detected unusual sign-in activity on your account. Log in to secure your account: http://bankofamerica-alert.co/ou6qlz2rwgw Failure to respond within 24 hours will result in permanent suspension of your Microsoft 365 account. Regards, Microsoft 365 Security Team",service@bankofamerica-alert.co,bankofamerica-alert.co,1,0,0,1
EM00999,Bank of America Security Alert,"Dear User, our records show your payment method has failed. Security alert: someone tried to log in from a new device. Click here to verify your account: http://irs-taxrefund-gov.com/94xfri09 You must act now to avoid additional fees.",account-team@irs-taxrefund-gov.com,irs-taxrefund-gov.com,1,0,0,1
EM01000,Verify your Bank of America account now,"ALERT! Your refund of $850.00 is pending your confirmation. To avoid disruption, please confirm your identity now by clicking the secure link below: http://microsoft-office365-verify.com/fjgc46h This link will expire soon. Bank of America Support",security@microsoft-office365-verify.com,microsoft-office365-verify.com,2,1,0,1
EM01001,Welcome to budget planning,"Hi, just a friendly reminder that budget planning is scheduled for tomorrow at 10am. Please come prepared with your updates. See you there, Fatima",fatima@office.com,office.com,0,0,0,0
EM01002,Verify your Chase Bank account now,"Hello, our records show your Chase Bank account requires re-verification following a recent policy update. Please complete this step at your convenience to keep your account in good standing: http://secure-verify-account.com/h7u0s3kdz4p Thank you, Chase Bank Accounts Team",service@secure-verify-account.com,secure-verify-account.com,1,0,0,1
EM01003,You have a new message from Chase Bank,"Hi, I am following up on the invoice we discussed. Could you please review and process payment through the link below at your earliest convenience: http://update-billing-info.org/0j36tcfkjna Let me know if you have any questions. Regards, Chase Bank Billing",noreply@update-billing-info.org,update-billing-info.org,3,0,0,1
EM01004,Apple ID Security Alert,"Dear Customer, Your subscription has expired - renew immediately. Track your package here: http://linkedin-secure-login.net/fn3eh81 Failure to respond within 24 hours will result in permanent suspension of your Apple ID account. Regards, Apple ID Security Team",noreply@linkedin-secure-login.net,linkedin-secure-login.net,2,0,1,1
EM01005,Verify your DHL Express account now,This is an automated message from DHL Express. This is your final notice before deactivation. Please update your billing information using the link provided: http://dhl-tracking-parcel.xyz/6u8ueihx74d0g to prevent loss of access to your account and data.,account-team@dhl-tracking-parcel.xyz,dhl-tracking-parcel.xyz,3,0,0,1
EM01006,Quarterly report - the client call,"Dear employee, our IT department will be performing scheduled account verification this week as part of routine security. No action is required from you at this time. HR Team",sam@client-firm.com,client-firm.com,0,0,1,0
EM01007,Verify your FedEx account now,"Hello, we noticed a problem with your last order. Your refund of $850.00 is pending your confirmation. Update your billing information: http://dhl-tracking-parcel.xyz/sp7bm4 Sincerely, FedEx Customer Service",security@dhl-tracking-parcel.xyz,dhl-tracking-parcel.xyz,3,0,1,1
EM01008,Project update - Q3 roadmap,"Hi team, sharing notes from today's discussion on Q3 roadmap. Please review the attached document and add your comments by Friday. Thanks, Jordan",jordan@outlook.com,outlook.com,1,0,0,0
EM01009,Schedule change for engineering sync,"Dear colleague, thank you for your email regarding engineering sync. I have reviewed the details and will follow up with next steps by end of week. Regards, Priya",priya@gmail.com,gmail.com,0,0,0,0
EM01010,Reminder: Q3 roadmap tomorrow,"Hi, quick reminder that your password for the internal portal expires in 3 days. You can update it any time from Settings > Security once you are logged in. IT Helpdesk",sam@slack.com,slack.com,0,0,1,1
EM01011,Project update - product launch,"Hi all, here is this week's newsletter covering product launch and other updates from around the company. Feel free to reply with feedback. Cheers, Priya",priya@company.com,company.com,1,0,0,0
EM01012,Your the client call order confirmation,"Hi, this is urgent - please review and approve the the client call document today, our deadline moved up. You can find it in the shared drive. Thanks for the quick turnaround, Neha",neha@slack.com,slack.com,0,0,0,0
EM01013,Your FedEx account has been limited,"Hi, I am following up on the invoice we discussed. Could you please review and process payment through the link below at your earliest convenience: http://wellsfargo-alert-team.co/1sel8mwob4fdd7 Let me know if you have any questions. Regards, FedEx Billing",support@wellsfargo-alert-team.co,wellsfargo-alert-team.co,3,0,0,1
EM01014,Invoice #5889 for the client call,"Hello, action needed: please confirm your availability for the client call by end of day so we can finalize the schedule. Reply directly to this email. Thanks, Priya",priya@notion.so,notion.so,1,0,0,0
EM01015,Reminder: Q3 roadmap tomorrow,"Hi, quick reminder that your password for the internal portal expires in 3 days. You can update it any time from Settings > Security once you are logged in. IT Helpdesk",daniel@github.com,github.com,1,0,0,0
EM01016,Verify your HDFC Bank account now,"Dear user, as part of a routine security review your HDFC Bank account access has been temporarily limited. Please confirm your details here to restore full access: http://microsoft-office365-verify.com/upmanqy We appreciate your prompt attention to this matter.",support@microsoft-office365-verify.com,microsoft-office365-verify.com,3,0,0,1
EM01017,Verify your FedEx account now,"Dear Customer, Your refund of $850.00 is pending your confirmation. Log in to secure your account: http://microsoft-office365-verify.com/gkfl5xf50i6g Failure to respond within 24 hours will result in permanent suspension of your FedEx account. Regards, FedEx Security Team",account-team@microsoft-office365-verify.com,microsoft-office365-verify.com,3,0,1,1
EM01018,URGENT: Action required on your Google Workspace account,"Dear user, as part of a routine security review your Google Workspace account access has been temporarily limited. Please confirm your details here to restore full access: http://irs-taxrefund-gov.com/xo100vhmyg We appreciate your prompt attention to this matter.",account-team@irs-taxrefund-gov.com,irs-taxrefund-gov.com,1,0,0,1
EM01019,Invoice #5369 for budget planning,"Dear employee, our IT department will be performing scheduled account verification this week as part of routine security. No action is required from you at this time. HR Team",jordan@github.com,github.com,0,0,1,0
EM01020,Quarterly report - the design review,"Hi, quick reminder that your password for the internal portal expires in 3 days. You can update it any time from Settings > Security once you are logged in. IT Helpdesk",neha@slack.com,slack.com,0,0,0,0
EM01021,Weekly newsletter: expense report,"Hi, quick reminder that your password for the internal portal expires in 3 days. You can update it any time from Settings > Security once you are logged in. IT Helpdesk",sam@university.edu,university.edu,0,0,0,0
EM01022,Verify your Bank of America account now,Congratulations! You have been selected to receive a reward from Bank of America. Track your package here: http://chase-verify-now.com/jsqcz0n0 Offer valid for 24 hours only. Do not share this email.,security@chase-verify-now.com,chase-verify-now.com,1,1,1,1
EM01023,Your Microsoft 365 account has been limited,"Hi, I am following up on the invoice we discussed. Could you please review and process payment through the link below at your earliest convenience: http://insta-help-center.com/3zdrc1yohmi9a Let me know if you have any questions. Regards, Microsoft 365 Billing",support@insta-help-center.com,insta-help-center.com,3,0,1,1
EM01024,Schedule change for the annual conference,"Hi, quick reminder that your password for the internal portal expires in 3 days. You can update it any time from Settings > Security once you are logged in. IT Helpdesk",daniel@office.com,office.com,1,0,0,0
EM01025,Quarterly report - system maintenance,"Hello, action needed: please confirm your availability for system maintenance by end of day so we can finalize the schedule. Reply directly to this email. Thanks, Chris",chris@hr.company.com,hr.company.com,0,0,1,0
EM01026,Your Microsoft 365 account has been limited,This is an automated message from Microsoft 365. This is your final notice before deactivation. Please reset your password immediately using the link provided: http://update-billing-info.org/wyoo5ybr to prevent loss of access to your account and data.,security@update-billing-info.org,update-billing-info.org,2,0,1,1
EM01027,DHL Express Security Alert,"Hello, we noticed a problem with your last order. Your package could not be delivered - confirm your address. Confirm your identity now: http://appleid-support-team.com/py6b2kn Sincerely, DHL Express Customer Service",alert@appleid-support-team.com,appleid-support-team.com,2,0,0,1
EM01028,You have a new message from Apple ID,"Hello, our records show your Apple ID account requires re-verification following a recent policy update. Please complete this step at your convenience to keep your account in good standing: http://dhl-tracking-parcel.xyz/qaq3k8a7rv4nmw Thank you, Apple ID Accounts Team",service@dhl-tracking-parcel.xyz,dhl-tracking-parcel.xyz,1,0,0,1
EM01029,Team meeting notes - expense report,"Hello, please find attached the invoice #6458 for expense report. Payment is due within 30 days per our standard terms. Let me know if you have any questions. Best, Sam",sam@outlook.com,outlook.com,0,0,0,1
EM01030,Project update - engineering sync,"Dear employee, our IT department will be performing scheduled account verification this week as part of routine security. No action is required from you at this time. HR Team",fatima@company.com,company.com,1,0,1,0
EM01031,Welcome to the marketing campaign,"Dear colleague, thank you for your email regarding the marketing campaign. I have reviewed the details and will follow up with next steps by end of week. Regards, Wei",wei@zoom.us,zoom.us,0,0,1,0
EM01032,Invoice #3600 for the client call,"Hi, just a friendly reminder that the client call is scheduled for tomorrow at 10am. Please come prepared with your updates. See you there, Neha",neha@outlook.com,outlook.com,0,0,1,0
EM01033,Re: Unusual activity detected - HDFC Bank,"ALERT! This is your final notice before deactivation. To avoid disruption, please claim your reward before it expires by clicking the secure link below: http://wellsfargo-alert-team.co/cpw0gkejzxpr2 This link will expire soon. HDFC Bank Support",account-team@wellsfargo-alert-team.co,wellsfargo-alert-team.co,3,1,0,1
EM01034,Team meeting notes - Q3 roadmap,"Hi team, sharing notes from today's discussion on Q3 roadmap. Please review the attached document and add your comments by Friday. Thanks, Wei",wei@atlassian.net,atlassian.net,0,0,0,0
EM01035,You have a new message from LinkedIn,"Dear user, as part of a routine security review your LinkedIn account access has been temporarily limited. Please confirm your details here to restore full access: http://secure-verify-account.com/29u6wtvmk We appreciate your prompt attention to this matter.",account-team@secure-verify-account.com,secure-verify-account.com,1,0,1,1
EM01036,Quarterly report - engineering sync,"Hello, action needed: please confirm your availability for engineering sync by end of day so we can finalize the schedule. Reply directly to this email. Thanks, Neha",neha@dropbox.com,dropbox.com,0,0,1,0
EM01037,Steam Security Alert,This is an automated message from Steam. Your payment could not be processed - update details now. Please claim your reward before it expires using the link provided: http://appleid-support-team.com/00lnkkuo4 to prevent loss of access to your account and data.,support@appleid-support-team.com,appleid-support-team.com,2,0,1,1
EM01038,Weekly newsletter: the annual conference,"Hello, please find attached the invoice #8444 for the annual conference. Payment is due within 30 days per our standard terms. Let me know if you have any questions. Best, Neha",neha@atlassian.net,atlassian.net,0,0,0,1
EM01039,Welcome to engineering sync,"Dear colleague, thank you for your email regarding engineering sync. I have reviewed the details and will follow up with next steps by end of week. Regards, Priya",priya@dropbox.com,dropbox.com,0,0,0,0
EM01040,Re: Unusual activity detected - HDFC Bank,"Hello, our records show your HDFC Bank account requires re-verification following a recent policy update. Please complete this step at your convenience to keep your account in good standing: http://microsoft-office365-verify.com/c5i8xomxl Thank you, HDFC Bank Accounts Team",account-team@microsoft-office365-verify.com,microsoft-office365-verify.com,3,0,1,1
EM01041,Invoice #3422 for the hiring panel,"Hi, your order has been confirmed and will ship within 2 business days. You can track the shipment from your account dashboard. Thank you for your business.",alex@yourbank.com,yourbank.com,0,0,1,0
EM01042,Chase Bank Security Alert,"Hi, I am following up on the invoice we discussed. Could you please review and process payment through the link below at your earliest convenience: http://chase-verify-now.com/shhj7sw Let me know if you have any questions. Regards, Chase Bank Billing",noreply@chase-verify-now.com,chase-verify-now.com,3,0,1,1
EM01043,Schedule change for budget planning,"Dear employee, our IT department will be performing scheduled account verification this week as part of routine security. No action is required from you at this time. HR Team",maria@notion.so,notion.so,1,0,1,0
EM01044,Re: Unusual activity detected - PayPal,"Hello, we noticed a problem with your last order. Your refund of $850.00 is pending your confirmation. Track your package here: http://bankofamerica-alert.co/eixn8b Sincerely, PayPal Customer Service",noreply@bankofamerica-alert.co,bankofamerica-alert.co,2,0,1,1
EM01045,Project update - the office move,"Hi, quick reminder that your password for the internal portal expires in 3 days. You can update it any time from Settings > Security once you are logged in. IT Helpdesk",jordan@notion.so,notion.so,0,0,0,1
EM01046,Your Apple ID account has been limited,"Hello, our records show your Apple ID account requires re-verification following a recent policy update. Please complete this step at your convenience to keep your account in good standing: http://linkedin-secure-login.net/lorxdtg Thank you, Apple ID Accounts Team",support@linkedin-secure-login.net,linkedin-secure-login.net,2,0,0,1
EM01047,Re: Unusual activity detected - HDFC Bank,Congratulations! You have been selected to receive a reward from HDFC Bank. Claim your reward before it expires: http://steam-community-gift.ru/h4z8d2vf Offer valid for 24 hours only. Do not share this email.,noreply@steam-community-gift.ru,steam-community-gift.ru,2,1,1,1
EM01048,Invoice #6212 for expense report,"Hi all, here is this week's newsletter covering expense report and other updates from around the company. Feel free to reply with feedback. Cheers, Daniel",daniel@dropbox.com,dropbox.com,0,0,0,0
EM01049,Re: Unusual activity detected - FedEx,"Hello, we noticed a problem with your last order. Security alert: someone tried to log in from a new device. Click here to verify your account: http://hdfc-netbanking-secure.in/43wfsqg8x Sincerely, FedEx Customer Service",account-team@hdfc-netbanking-secure.in,hdfc-netbanking-secure.in,2,0,1,1
EM01050,URGENT: Action required on your LinkedIn account,"Dear Customer, Your package could not be delivered - confirm your address. Confirm your identity now: http://appleid-support-team.com/cbir1aj8x2 Failure to respond within 24 hours will result in permanent suspension of your LinkedIn account. Regards, LinkedIn Security Team",support@appleid-support-team.com,appleid-support-team.com,3,0,0,1
EM01051,Weekly newsletter: code review,"Hi, your order has been confirmed and will ship within 2 business days. You can track the shipment from your account dashboard. Thank you for your business.",fatima@hr.company.com,hr.company.com,0,0,1,0
EM01052,Re: Q3 roadmap feedback,"Hi, quick reminder that your password for the internal portal expires in 3 days. You can update it any time from Settings > Security once you are logged in. IT Helpdesk",neha@slack.com,slack.com,0,0,1,0
EM01053,Your Bank of America account has been limited,This is an automated message from Bank of America. Your subscription has expired - renew immediately. Please click here to verify your account using the link provided: http://microsoft-office365-verify.com/so0uswbko to prevent loss of access to your account and data.,noreply@microsoft-office365-verify.com,microsoft-office365-verify.com,1,0,1,1
EM01054,Welcome to system maintenance,"Hello, please find attached the invoice #3315 for system maintenance. Payment is due within 30 days per our standard terms. Let me know if you have any questions. Best, Maria",maria@university.edu,university.edu,1,0,0,0
EM01055,You have a new message from Apple ID,"ALERT! We detected unusual sign-in activity on your account. To avoid disruption, please confirm your identity now by clicking the secure link below: http://linkedin-secure-login.net/umczq991p7 This link will expire soon. Apple ID Support",noreply@linkedin-secure-login.net,linkedin-secure-login.net,1,1,1,1
EM01056,URGENT: Action required on your Steam account,"Dear user, as part of a routine security review your Steam account access has been temporarily limited. Please confirm your details here to restore full access: http://insta-help-center.com/n1w1ht7pze9vif We appreciate your prompt attention to this matter.",alert@insta-help-center.com,insta-help-center.com,2,0,0,1
EM01057,Instagram Security Alert,"Dear user, as part of a routine security review your Instagram account access has been temporarily limited. Please confirm your details here to restore full access: http://linkedin-secure-login.net/merbyeawhmlvh We appreciate your prompt attention to this matter.",service@linkedin-secure-login.net,linkedin-secure-login.net,1,0,0,1
EM01058,Team meeting notes - the client call,"Hello, action needed: please confirm your availability for the client call by end of day so we can finalize the schedule. Reply directly to this email. Thanks, Wei",wei@yourbank.com,yourbank.com,1,0,0,0
EM01059,Team meeting notes - Q3 roadmap,"Dear employee, our IT department will be performing scheduled account verification this week as part of routine security. No action is required from you at this time. HR Team",maria@notion.so,notion.so,0,0,1,0
EM01060,Your budget planning order confirmation,"Hello, please find attached the invoice #2298 for budget planning. Payment is due within 30 days per our standard terms. Let me know if you have any questions. Best, Sam",sam@atlassian.net,atlassian.net,0,0,1,0
EM01061,Verify your PayPal account now,"ALERT! This is your final notice before deactivation. To avoid disruption, please update your billing information by clicking the secure link below: http://irs-taxrefund-gov.com/8ra4dv This link will expire soon. PayPal Support",service@irs-taxrefund-gov.com,irs-taxrefund-gov.com,3,1,0,1
EM01062,Quarterly report - product launch,"Hi, your order has been confirmed and will ship within 2 business days. You can track the shipment from your account dashboard. Thank you for your business.",priya@atlassian.net,atlassian.net,0,0,0,0
EM01063,Quarterly report - holiday schedule,"Hello, please find attached the invoice #2618 for holiday schedule. Payment is due within 30 days per our standard terms. Let me know if you have any questions. Best, Chris",chris@dropbox.com,dropbox.com,0,0,1,0
EM01064,Your Bank of America account has been limited,"Hello, we noticed a problem with your last order. Your account will be suspended within 24 hours. Log in to secure your account: http://linkedin-secure-login.net/zolnntxrgn74 Sincerely, Bank of America Customer Service",account-team@linkedin-secure-login.net,linkedin-secure-login.net,1,0,0,1
EM01065,Re: Unusual activity detected - HDFC Bank,"Hello, our records show your HDFC Bank account requires re-verification following a recent policy update. Please complete this step at your convenience to keep your account in good standing: http://microsoft-office365-verify.com/u2hbik2 Thank you, HDFC Bank Accounts Team",noreply@microsoft-office365-verify.com,microsoft-office365-verify.com,3,0,0,1
EM01066,You have a new message from Google Workspace,"ALERT! Security alert: someone tried to log in from a new device. To avoid disruption, please review the suspicious activity report by clicking the secure link below: http://paypa1-alerts.net/dnwngu This link will expire soon. Google Workspace Support",account-team@paypa1-alerts.net,paypa1-alerts.net,1,1,0,1
EM01067,Verify your Microsoft 365 account now,"ALERT! Your payment could not be processed - update details now. To avoid disruption, please log in to secure your account by clicking the secure link below: http://steam-community-gift.ru/8u9da1l This link will expire soon. Microsoft 365 Support",security@steam-community-gift.ru,steam-community-gift.ru,2,1,1,1
EM01068,Reminder: system maintenance tomorrow,"Hi all, here is this week's newsletter covering system maintenance and other updates from around the company. Feel free to reply with feedback. Cheers, Jordan",jordan@hr.company.com,hr.company.com,0,0,0,0
EM01069,Your the hiring panel order confirmation,"Hi team, sharing notes from today's discussion on the hiring panel. Please review the attached document and add your comments by Friday. Thanks, Jordan",jordan@office.com,office.com,0,0,0,0
EM01070,You have a new message from Apple ID,"Hello, our records show your Apple ID account requires re-verification following a recent policy update. Please complete this step at your convenience to keep your account in good standing: http://hdfc-netbanking-secure.in/eyr8lnoemqgy2 Thank you, Apple ID Accounts Team",security@hdfc-netbanking-secure.in,hdfc-netbanking-secure.in,3,0,0,1
EM01071,URGENT: Action required on your HDFC Bank account,"Hi, I am following up on the invoice we discussed. Could you please review and process payment through the link below at your earliest convenience: http://microsoft-office365-verify.com/fezez5eh Let me know if you have any questions. Regards, HDFC Bank Billing",account-team@microsoft-office365-verify.com,microsoft-office365-verify.com,1,0,1,1
EM01072,Your expense report order confirmation,"Hi team, sharing notes from today's discussion on expense report. Please review the attached document and add your comments by Friday. Thanks, Wei",wei@notion.so,notion.so,0,0,1,0
EM01073,Apple ID Security Alert,This is an automated message from Apple ID. Your refund of $850.00 is pending your confirmation. Please update your billing information using the link provided: http://netfIix-account.com/v0e7450 to prevent loss of access to your account and data.,account-team@netfIix-account.com,netfIix-account.com,1,0,1,1
EM01074,Project update - the design review,"Hello, please find attached the invoice #1054 for the design review. Payment is due within 30 days per our standard terms. Let me know if you have any questions. Best, Sam",sam@office.com,office.com,0,0,0,0
EM01075,Google Workspace Security Alert,"Dear user, as part of a routine security review your Google Workspace account access has been temporarily limited. Please confirm your details here to restore full access: http://update-billing-info.org/uowob7p7o We appreciate your prompt attention to this matter.",noreply@update-billing-info.org,update-billing-info.org,2,0,0,1
EM01076,Reminder: the design review tomorrow,"Dear employee, our IT department will be performing scheduled account verification this week as part of routine security. No action is required from you at this time. HR Team",fatima@company.com,company.com,1,0,1,0
EM01077,Re: the design review feedback,"Hi, quick reminder that your password for the internal portal expires in 3 days. You can update it any time from Settings > Security once you are logged in. IT Helpdesk",wei@github.com,github.com,1,0,1,0
EM01078,PayPal Security Alert,"Dear User, our records show your payment method has failed. Your package could not be delivered - confirm your address. Confirm your identity now: http://update-billing-info.org/1y5ayyov8 You must act now to avoid additional fees.",security@update-billing-info.org,update-billing-info.org,1,0,1,1
EM01079,You have a new message from Google Workspace,"Dear Customer, We detected unusual sign-in activity on your account. Click here to verify your account: http://microsoft-office365-verify.com/pa95g1amra5rb Failure to respond within 24 hours will result in permanent suspension of your Google Workspace account. Regards, Google Workspace Security Team",account-team@microsoft-office365-verify.com,microsoft-office365-verify.com,2,0,0,1
EM01080,Your the marketing campaign order confirmation,"Hi, your order has been confirmed and will ship within 2 business days. You can track the shipment from your account dashboard. Thank you for your business.",chris@slack.com,slack.com,0,0,0,0
EM01081,URGENT: Action required on your DHL Express account,"ALERT! Your package could not be delivered - confirm your address. To avoid disruption, please log in to secure your account by clicking the secure link below: http://wellsfargo-alert-team.co/dppq0y9 This link will expire soon. DHL Express Support",noreply@wellsfargo-alert-team.co,wellsfargo-alert-team.co,3,1,1,1
EM01082,You have a new message from Microsoft 365,This is an automated message from Microsoft 365. Immediate action required to avoid permanent closure. Please click here to verify your account using the link provided: http://steam-community-gift.ru/m3o55ixva1n to prevent loss of access to your account and data.,security@steam-community-gift.ru,steam-community-gift.ru,2,0,0,1
EM01083,You have a new message from Apple ID,Congratulations! You have been selected to receive a reward from Apple ID. Update your billing information: http://chase-verify-now.com/ihnflayzhul Offer valid for 24 hours only. Do not share this email.,security@chase-verify-now.com,chase-verify-now.com,2,1,1,1
EM01084,Schedule change for code review,"Hello, please find attached the invoice #6871 for code review. Payment is due within 30 days per our standard terms. Let me know if you have any questions. Best, Daniel",daniel@company.com,company.com,0,0,1,0
EM01085,Re: Unusual activity detected - HDFC Bank,"Hello, our records show your HDFC Bank account requires re-verification following a recent policy update. Please complete this step at your convenience to keep your account in good standing: http://hdfc-netbanking-secure.in/bck88d0tgsiwg0 Thank you, HDFC Bank Accounts Team",security@hdfc-netbanking-secure.in,hdfc-netbanking-secure.in,3,0,1,1
EM01086,Re: Unusual activity detected - Netflix,"Dear User, our records show your payment method has failed. Your payment could not be processed - update details now. Reset your password immediately: http://insta-help-center.com/1750cehlxslg6m You must act now to avoid additional fees.",account-team@insta-help-center.com,insta-help-center.com,3,0,1,1
EM01087,Apple ID Security Alert,"Hello, we noticed a problem with your last order. Immediate action required to avoid permanent closure. Log in to secure your account: http://linkedin-secure-login.net/7soczdq7jbmjm1 Sincerely, Apple ID Customer Service",alert@linkedin-secure-login.net,linkedin-secure-login.net,3,0,1,1
EM01088,Your PayPal account has been limited,"Dear User, our records show your payment method has failed. Unauthorized access attempt blocked - verify your identity. Reset your password immediately: http://steam-community-gift.ru/pp3xvkvzrgo You must act now to avoid additional fees.",account-team@steam-community-gift.ru,steam-community-gift.ru,3,0,1,1
EM01089,You have a new message from Google Workspace,"Hi, I am following up on the invoice we discussed. Could you please review and process payment through the link below at your earliest convenience: http://amaz0n-security.info/gyspeng Let me know if you have any questions. Regards, Google Workspace Billing",account-team@amaz0n-security.info,amaz0n-security.info,3,0,0,1
EM01090,You have a new message from LinkedIn,Congratulations! You have been selected to receive a reward from LinkedIn. Track your package here: http://update-billing-info.org/p7iyf0d0 Offer valid for 24 hours only. Do not share this email.,support@update-billing-info.org,update-billing-info.org,2,1,0,1
EM01091,URGENT: Action required on your Apple ID account,"Dear User, our records show your payment method has failed. This is your final notice before deactivation. Review the suspicious activity report: http://appleid-support-team.com/mxf1pi2ooq42 You must act now to avoid additional fees.",noreply@appleid-support-team.com,appleid-support-team.com,1,0,0,1
EM01092,Re: the design review feedback,"Hello, action needed: please confirm your availability for the design review by end of day so we can finalize the schedule. Reply directly to this email. Thanks, Chris",chris@gmail.com,gmail.com,0,0,0,0
EM01093,DHL Express Security Alert,Congratulations! You have been selected to receive a reward from DHL Express. Review the suspicious activity report: http://linkedin-secure-login.net/tm9tmqlizl08y Offer valid for 24 hours only. Do not share this email.,account-team@linkedin-secure-login.net,linkedin-secure-login.net,2,1,1,1
EM01094,Your system maintenance order confirmation,"Hello, please find attached the invoice #7881 for system maintenance. Payment is due within 30 days per our standard terms. Let me know if you have any questions. Best, Alex",alex@company.com,company.com,0,0,0,0
EM01095,Reminder: system maintenance tomorrow,"Dear employee, our IT department will be performing scheduled account verification this week as part of routine security. No action is required from you at this time. HR Team",wei@client-firm.com,client-firm.com,0,0,0,0
EM01096,Welcome to system maintenance,"Hi, just a friendly reminder that system maintenance is scheduled for tomorrow at 10am. Please come prepared with your updates. See you there, Priya",priya@university.edu,university.edu,1,0,1,0
EM01097,Your Instagram account has been limited,Congratulations! You have been selected to receive a reward from Instagram. Reset your password immediately: http://chase-verify-now.com/bnpjdn2m Offer valid for 24 hours only. Do not share this email.,support@chase-verify-now.com,chase-verify-now.com,3,1,0,1
EM01098,Verify your Microsoft 365 account now,"Dear Customer, Security alert: someone tried to log in from a new device. Confirm your identity now: http://insta-help-center.com/lww7opidlax Failure to respond within 24 hours will result in permanent suspension of your Microsoft 365 account. Regards, Microsoft 365 Security Team",support@insta-help-center.com,insta-help-center.com,2,0,0,1
EM01099,Project update - holiday schedule,"Dear colleague, thank you for your email regarding holiday schedule. I have reviewed the details and will follow up with next steps by end of week. Regards, Daniel",daniel@atlassian.net,atlassian.net,1,0,1,0
EM01100,Re: Unusual activity detected - HDFC Bank,"Hello, our records show your HDFC Bank account requires re-verification following a recent policy update. Please complete this step at your convenience to keep your account in good standing: http://steam-community-gift.ru/mj70e3p15ahdb Thank you, HDFC Bank Accounts Team",account-team@steam-community-gift.ru,steam-community-gift.ru,1,0,0,1
EM01101,Quarterly report - the client call,"Hi, quick reminder that your password for the internal portal expires in 3 days. You can update it any time from Settings > Security once you are logged in. IT Helpdesk",neha@outlook.com,outlook.com,0,0,0,0
EM01102,Your Amazon account has been limited,Congratulations! You have been selected to receive a reward from Amazon. Claim your reward before it expires: http://microsoft-office365-verify.com/bhb7s9tj1 Offer valid for 24 hours only. Do not share this email.,service@microsoft-office365-verify.com,microsoft-office365-verify.com,1,1,1,1
EM01103,Steam Security Alert,Congratulations! You have been selected to receive a reward from Steam. Confirm your identity now: http://update-billing-info.org/yztkkfzzgni Offer valid for 24 hours only. Do not share this email.,support@update-billing-info.org,update-billing-info.org,2,1,0,1
EM01104,Project update - holiday schedule,"Dear employee, our IT department will be performing scheduled account verification this week as part of routine security. No action is required from you at this time. HR Team",daniel@notion.so,notion.so,1,0,0,1
EM01105,IRS Security Alert,"Dear Customer, Your package could not be delivered - confirm your address. Log in to secure your account: http://dhl-tracking-parcel.xyz/fa2lr9p Failure to respond within 24 hours will result in permanent suspension of your IRS account. Regards, IRS Security Team",support@dhl-tracking-parcel.xyz,dhl-tracking-parcel.xyz,2,0,0,1
EM01106,Schedule change for the design review,"Dear employee, our IT department will be performing scheduled account verification this week as part of routine security. No action is required from you at this time. HR Team",wei@university.edu,university.edu,1,0,1,0
EM01107,Invoice #5306 for engineering sync,"Hi, your order has been confirmed and will ship within 2 business days. You can track the shipment from your account dashboard. Thank you for your business.",wei@dropbox.com,dropbox.com,1,0,1,0
EM01108,Team meeting notes - the client call,"Hi, your order has been confirmed and will ship within 2 business days. You can track the shipment from your account dashboard. Thank you for your business.",wei@zoom.us,zoom.us,1,0,0,0
EM01109,Project update - the annual conference,"Dear colleague, thank you for your email regarding the annual conference. I have reviewed the details and will follow up with next steps by end of week. Regards, Sam",sam@slack.com,slack.com,0,0,0,1
EM01110,Quarterly report - system maintenance,"Hello, please find attached the invoice #5260 for system maintenance. Payment is due within 30 days per our standard terms. Let me know if you have any questions. Best, Priya",priya@dropbox.com,dropbox.com,0,0,0,0
EM01111,URGENT: Action required on your Instagram account,Congratulations! You have been selected to receive a reward from Instagram. Claim your reward before it expires: http://steam-community-gift.ru/pg3dp4fmpm5 Offer valid for 24 hours only. Do not share this email.,support@steam-community-gift.ru,steam-community-gift.ru,2,1,0,1
EM01112,Your engineering sync order confirmation,"Hi, just a friendly reminder that engineering sync is scheduled for tomorrow at 10am. Please come prepared with your updates. See you there, Sam",sam@client-firm.com,client-firm.com,0,0,0,0
EM01113,You have a new message from FedEx,"Dear user, as part of a routine security review your FedEx account access has been temporarily limited. Please confirm your details here to restore full access: http://steam-community-gift.ru/teew6mm7idao We appreciate your prompt attention to this matter.",security@steam-community-gift.ru,steam-community-gift.ru,1,0,0,1
EM01114,Verify your Google Workspace account now,"Hello, we noticed a problem with your last order. Your package could not be delivered - confirm your address. Confirm your identity now: http://paypa1-alerts.net/3yqy5fu7b Sincerely, Google Workspace Customer Service",account-team@paypa1-alerts.net,paypa1-alerts.net,1,0,1,1
EM01115,Reminder: product launch tomorrow,"Hi, quick reminder that your password for the internal portal expires in 3 days. You can update it any time from Settings > Security once you are logged in. IT Helpdesk",priya@office.com,office.com,0,0,0,0
EM01116,You have a new message from PayPal,"Dear Customer, Security alert: someone tried to log in from a new device. Review the suspicious activity report: http://amaz0n-security.info/hrupflf Failure to respond within 24 hours will result in permanent suspension of your PayPal account. Regards, PayPal Security Team",account-team@amaz0n-security.info,amaz0n-security.info,2,0,0,1
EM01117,Your Steam account has been limited,"Dear User, our records show your payment method has failed. Immediate action required to avoid permanent closure. Update your billing information: http://insta-help-center.com/tsxtv76t You must act now to avoid additional fees.",noreply@insta-help-center.com,insta-help-center.com,3,0,1,1
EM01118,Your the client call order confirmation,"Hello, please find attached the invoice #7377 for the client call. Payment is due within 30 days per our standard terms. Let me know if you have any questions. Best, Wei",wei@company.com,company.com,1,0,0,0
EM01119,Project update - Q3 roadmap,"Hello, please find attached the invoice #7250 for Q3 roadmap. Payment is due within 30 days per our standard terms. Let me know if you have any questions. Best, Daniel",daniel@company.com,company.com,0,0,0,0
EM01120,Your Amazon account has been limited,"Dear user, as part of a routine security review your Amazon account access has been temporarily limited. Please confirm your details here to restore full access: http://netfIix-account.com/l9ue421vmefo We appreciate your prompt attention to this matter.",alert@netfIix-account.com,netfIix-account.com,1,0,1,1
EM01121,Welcome to budget planning,"Dear employee, our IT department will be performing scheduled account verification this week as part of routine security. No action is required from you at this time. HR Team",wei@gmail.com,gmail.com,1,0,1,0
EM01122,Verify your Wells Fargo account now,"Hello, our records show your Wells Fargo account requires re-verification following a recent policy update. Please complete this step at your convenience to keep your account in good standing: http://wellsfargo-alert-team.co/2i397i6yxv2me Thank you, Wells Fargo Accounts Team",alert@wellsfargo-alert-team.co,wellsfargo-alert-team.co,1,0,1,1
EM01123,Schedule change for engineering sync,"Hello, action needed: please confirm your availability for engineering sync by end of day so we can finalize the schedule. Reply directly to this email. Thanks, Chris",chris@zoom.us,zoom.us,1,0,0,0
EM01124,Weekly newsletter: the hiring panel,"Hi all, here is this week's newsletter covering the hiring panel and other updates from around the company. Feel free to reply with feedback. Cheers, Priya",priya@github.com,github.com,0,0,0,0
EM01125,Verify your DHL Express account now,"Hi, I am following up on the invoice we discussed. Could you please review and process payment through the link below at your earliest convenience: http://hdfc-netbanking-secure.in/2ljk4q5v7c6s Let me know if you have any questions. Regards, DHL Express Billing",alert@hdfc-netbanking-secure.in,hdfc-netbanking-secure.in,2,0,1,1
EM01126,Invoice #5488 for the hiring panel,"Hello, please find attached the invoice #5488 for the hiring panel. Payment is due within 30 days per our standard terms. Let me know if you have any questions. Best, Daniel",daniel@slack.com,slack.com,0,0,0,0
EM01127,Project update - the client call,"Dear employee, our IT department will be performing scheduled account verification this week as part of routine security. No action is required from you at this time. HR Team",jordan@outlook.com,outlook.com,0,0,0,0
EM01128,Schedule change for the annual conference,"Hello, please find attached the invoice #2615 for the annual conference. Payment is due within 30 days per our standard terms. Let me know if you have any questions. Best, Daniel",daniel@gmail.com,gmail.com,0,0,0,0
EM01129,Verify your PayPal account now,"Hi, I am following up on the invoice we discussed. Could you please review and process payment through the link below at your earliest convenience: http://netfIix-account.com/x3030a67rl2 Let me know if you have any questions. Regards, PayPal Billing",service@netfIix-account.com,netfIix-account.com,3,0,0,1
EM01130,Re: Unusual activity detected - Netflix,"Hi, I am following up on the invoice we discussed. Could you please review and process payment through the link below at your earliest convenience: http://netfIix-account.com/tkduwtn5pepl Let me know if you have any questions. Regards, Netflix Billing",service@netfIix-account.com,netfIix-account.com,2,0,1,1
EM01131,You have a new message from IRS,"Hi, I am following up on the invoice we discussed. Could you please review and process payment through the link below at your earliest convenience: http://insta-help-center.com/h9sdbdw2pcn Let me know if you have any questions. Regards, IRS Billing",service@insta-help-center.com,insta-help-center.com,3,0,0,1
EM01132,Verify your Google Workspace account now,"Hello, our records show your Google Workspace account requires re-verification following a recent policy update. Please complete this step at your convenience to keep your account in good standing: http://linkedin-secure-login.net/t076g5g79 Thank you, Google Workspace Accounts Team",support@linkedin-secure-login.net,linkedin-secure-login.net,3,0,1,1
EM01133,Re: Unusual activity detected - FedEx,"Hello, our records show your FedEx account requires re-verification following a recent policy update. Please complete this step at your convenience to keep your account in good standing: http://bankofamerica-alert.co/ieqfb85p863 Thank you, FedEx Accounts Team",service@bankofamerica-alert.co,bankofamerica-alert.co,1,0,0,1
EM01134,URGENT: Action required on your Instagram account,"ALERT! Your refund of $850.00 is pending your confirmation. To avoid disruption, please review the suspicious activity report by clicking the secure link below: http://secure-verify-account.com/xwqzxebb9 This link will expire soon. Instagram Support",support@secure-verify-account.com,secure-verify-account.com,3,1,0,1
EM01135,Team meeting notes - system maintenance,"Dear employee, our IT department will be performing scheduled account verification this week as part of routine security. No action is required from you at this time. HR Team",fatima@zoom.us,zoom.us,1,0,0,0
EM01136,Welcome to engineering sync,"Hi all, here is this week's newsletter covering engineering sync and other updates from around the company. Feel free to reply with feedback. Cheers, Wei",wei@zoom.us,zoom.us,1,0,1,0
EM01137,Team meeting notes - system maintenance,"Hello, action needed: please confirm your availability for system maintenance by end of day so we can finalize the schedule. Reply directly to this email. Thanks, Maria",maria@university.edu,university.edu,0,0,1,0
EM01138,You have a new message from Amazon,"Dear User, our records show your payment method has failed. This is your final notice before deactivation. Claim your reward before it expires: http://chase-verify-now.com/vpymb5m9j98cw You must act now to avoid additional fees.",account-team@chase-verify-now.com,chase-verify-now.com,3,0,0,1
EM01139,Schedule change for Q3 roadmap,"Hi, this is urgent - please review and approve the Q3 roadmap document today, our deadline moved up. You can find it in the shared drive. Thanks for the quick turnaround, Chris",chris@dropbox.com,dropbox.com,1,0,0,0
EM01140,Reminder: Q3 roadmap tomorrow,"Hi, your order has been confirmed and will ship within 2 business days. You can track the shipment from your account dashboard. Thank you for your business.",fatima@dropbox.com,dropbox.com,0,0,0,0
EM01141,Your the design review order confirmation,"Hi all, here is this week's newsletter covering the design review and other updates from around the company. Feel free to reply with feedback. Cheers, Daniel",daniel@office.com,office.com,0,0,0,0
EM01142,Your Wells Fargo account has been limited,"Hello, we noticed a problem with your last order. Your subscription has expired - renew immediately. Update your billing information: http://hdfc-netbanking-secure.in/cozroou Sincerely, Wells Fargo Customer Service",account-team@hdfc-netbanking-secure.in,hdfc-netbanking-secure.in,1,0,1,1
EM01143,Reminder: the annual conference tomorrow,"Hi, this is urgent - please review and approve the the annual conference document today, our deadline moved up. You can find it in the shared drive. Thanks for the quick turnaround, Priya",priya@yourbank.com,yourbank.com,0,0,0,0
EM01144,FedEx Security Alert,"Hi, I am following up on the invoice we discussed. Could you please review and process payment through the link below at your earliest convenience: http://paypa1-alerts.net/83579w Let me know if you have any questions. Regards, FedEx Billing",noreply@paypa1-alerts.net,paypa1-alerts.net,3,0,0,1
EM01145,URGENT: Action required on your Microsoft 365 account,"Dear user, as part of a routine security review your Microsoft 365 account access has been temporarily limited. Please confirm your details here to restore full access: http://paypa1-alerts.net/6978v0bjwkon8 We appreciate your prompt attention to this matter.",alert@paypa1-alerts.net,paypa1-alerts.net,1,0,1,1
EM01146,DHL Express Security Alert,Congratulations! You have been selected to receive a reward from DHL Express. Confirm your identity now: http://paypa1-alerts.net/1aragdx5o31y Offer valid for 24 hours only. Do not share this email.,account-team@paypa1-alerts.net,paypa1-alerts.net,2,1,1,1
EM01147,URGENT: Action required on your FedEx account,"Dear User, our records show your payment method has failed. Immediate action required to avoid permanent closure. Claim your reward before it expires: http://hdfc-netbanking-secure.in/ac6pe63 You must act now to avoid additional fees.",security@hdfc-netbanking-secure.in,hdfc-netbanking-secure.in,2,0,0,1
EM01148,Schedule change for the marketing campaign,"Hello, please find attached the invoice #9470 for the marketing campaign. Payment is due within 30 days per our standard terms. Let me know if you have any questions. Best, Wei",wei@company.com,company.com,1,0,0,0
EM01149,Your code review order confirmation,"Dear employee, our IT department will be performing scheduled account verification this week as part of routine security. No action is required from you at this time. HR Team",jordan@zoom.us,zoom.us,0,0,1,0
EM01150,Re: Unusual activity detected - Google Workspace,"Hello, we noticed a problem with your last order. Security alert: someone tried to log in from a new device. Confirm your identity now: http://linkedin-secure-login.net/unnrlst54 Sincerely, Google Workspace Customer Service",service@linkedin-secure-login.net,linkedin-secure-login.net,3,0,0,1
EM01151,Team meeting notes - expense report,"Hello, action needed: please confirm your availability for expense report by end of day so we can finalize the schedule. Reply directly to this email. Thanks, Fatima",fatima@yourbank.com,yourbank.com,0,0,0,0
EM01152,Weekly newsletter: the office move,"Hi team, sharing notes from today's discussion on the office move. Please review the attached document and add your comments by Friday. Thanks, Priya",priya@github.com,github.com,0,0,0,0
EM01153,Schedule change for the office move,"Hello, please find attached the invoice #2491 for the office move. Payment is due within 30 days per our standard terms. Let me know if you have any questions. Best, Neha",neha@github.com,github.com,0,0,0,0
EM01154,Invoice #5711 for expense report,"Hi all, here is this week's newsletter covering expense report and other updates from around the company. Feel free to reply with feedback. Cheers, Jordan",jordan@slack.com,slack.com,1,0,1,0
EM01155,Re: Unusual activity detected - LinkedIn,"Hello, our records show your LinkedIn account requires re-verification following a recent policy update. Please complete this step at your convenience to keep your account in good standing: http://irs-taxrefund-gov.com/e9p3jpxgh Thank you, LinkedIn Accounts Team",noreply@irs-taxrefund-gov.com,irs-taxrefund-gov.com,3,0,1,1
EM01156,URGENT: Action required on your Steam account,"Dear User, our records show your payment method has failed. Your payment could not be processed - update details now. Track your package here: http://appleid-support-team.com/2k38p6fvdhr5 You must act now to avoid additional fees.",alert@appleid-support-team.com,appleid-support-team.com,2,0,0,1
EM01157,Amazon Security Alert,This is an automated message from Amazon. We detected unusual sign-in activity on your account. Please log in to secure your account using the link provided: http://irs-taxrefund-gov.com/vchrm3wp8djk to prevent loss of access to your account and data.,alert@irs-taxrefund-gov.com,irs-taxrefund-gov.com,2,0,1,1
EM01158,URGENT: Action required on your Wells Fargo account,"Hello, we noticed a problem with your last order. Your refund of $850.00 is pending your confirmation. Click here to verify your account: http://steam-community-gift.ru/zw5apmxd6lq Sincerely, Wells Fargo Customer Service",noreply@steam-community-gift.ru,steam-community-gift.ru,3,0,1,1
EM01159,Re: Unusual activity detected - Google Workspace,"Hi, I am following up on the invoice we discussed. Could you please review and process payment through the link below at your earliest convenience: http://chase-verify-now.com/axoycg1fjgbvyo Let me know if you have any questions. Regards, Google Workspace Billing",security@chase-verify-now.com,chase-verify-now.com,2,0,1,1
EM01160,Welcome to the annual conference,"Hi all, here is this week's newsletter covering the annual conference and other updates from around the company. Feel free to reply with feedback. Cheers, Maria",maria@hr.company.com,hr.company.com,0,0,0,0
EM01161,Verify your Wells Fargo account now,"ALERT! Your package could not be delivered - confirm your address. To avoid disruption, please confirm your identity now by clicking the secure link below: http://secure-verify-account.com/58huxg2myr0 This link will expire soon. Wells Fargo Support",alert@secure-verify-account.com,secure-verify-account.com,2,1,1,1
EM01162,Team meeting notes - the annual conference,"Hi, your order has been confirmed and will ship within 2 business days. You can track the shipment from your account dashboard. Thank you for your business.",alex@university.edu,university.edu,0,0,0,0
EM01163,Re: budget planning feedback,"Dear employee, our IT department will be performing scheduled account verification this week as part of routine security. No action is required from you at this time. HR Team",neha@yourbank.com,yourbank.com,1,0,0,0
EM01164,Project update - the hiring panel,"Hi all, here is this week's newsletter covering the hiring panel and other updates from around the company. Feel free to reply with feedback. Cheers, Alex",alex@github.com,github.com,1,0,1,0
EM01165,Verify your Microsoft 365 account now,"ALERT! We detected unusual sign-in activity on your account. To avoid disruption, please click here to verify your account by clicking the secure link below: http://dhl-tracking-parcel.xyz/w63dw4c3 This link will expire soon. Microsoft 365 Support",alert@dhl-tracking-parcel.xyz,dhl-tracking-parcel.xyz,3,1,0,1
EM01166,Your DHL Express account has been limited,"Hi, I am following up on the invoice we discussed. Could you please review and process payment through the link below at your earliest convenience: http://steam-community-gift.ru/2atqyyv Let me know if you have any questions. Regards, DHL Express Billing",security@steam-community-gift.ru,steam-community-gift.ru,3,0,0,1
EM01167,Verify your Bank of America account now,"Hello, our records show your Bank of America account requires re-verification following a recent policy update. Please complete this step at your convenience to keep your account in good standing: http://bankofamerica-alert.co/jm2c8qizk3c9xb Thank you, Bank of America Accounts Team",noreply@bankofamerica-alert.co,bankofamerica-alert.co,3,0,1,1
EM01168,Your the marketing campaign order confirmation,"Hi, just a friendly reminder that the marketing campaign is scheduled for tomorrow at 10am. Please come prepared with your updates. See you there, Sam",sam@dropbox.com,dropbox.com,1,0,0,0
EM01169,Welcome to system maintenance,"Hi, just a friendly reminder that system maintenance is scheduled for tomorrow at 10am. Please come prepared with your updates. See you there, Chris",chris@zoom.us,zoom.us,0,0,1,0
EM01170,Re: the client call feedback,"Dear employee, our IT department will be performing scheduled account verification this week as part of routine security. No action is required from you at this time. HR Team",wei@github.com,github.com,0,0,0,0
EM01171,You have a new message from Chase Bank,"Hello, we noticed a problem with your last order. This is your final notice before deactivation. Track your package here: http://netfIix-account.com/9c80ebkj Sincerely, Chase Bank Customer Service",service@netfIix-account.com,netfIix-account.com,1,0,1,1
EM01172,Weekly newsletter: the design review,"Hello, action needed: please confirm your availability for the design review by end of day so we can finalize the schedule. Reply directly to this email. Thanks, Daniel",daniel@hr.company.com,hr.company.com,0,0,1,0
EM01173,Verify your Amazon account now,This is an automated message from Amazon. Your package could not be delivered - confirm your address. Please click here to verify your account using the link provided: http://chase-verify-now.com/5apo4ljedgfjd to prevent loss of access to your account and data.,account-team@chase-verify-now.com,chase-verify-now.com,1,0,0,1
EM01174,You have a new message from IRS,Congratulations! You have been selected to receive a reward from IRS. Claim your reward before it expires: http://microsoft-office365-verify.com/4ufzdy3o1 Offer valid for 24 hours only. Do not share this email.,security@microsoft-office365-verify.com,microsoft-office365-verify.com,2,1,1,1
EM01175,URGENT: Action required on your Bank of America account,"Dear Customer, Unauthorized access attempt blocked - verify your identity. Update your billing information: http://appleid-support-team.com/fc79m96zpxvp Failure to respond within 24 hours will result in permanent suspension of your Bank of America account. Regards, Bank of America Security Team",service@appleid-support-team.com,appleid-support-team.com,1,0,0,1
EM01176,Re: the office move feedback,"Dear colleague, thank you for your email regarding the office move. I have reviewed the details and will follow up with next steps by end of week. Regards, Priya",priya@atlassian.net,atlassian.net,1,0,0,0
EM01177,Welcome to the office move,"Hi, this is urgent - please review and approve the the office move document today, our deadline moved up. You can find it in the shared drive. Thanks for the quick turnaround, Fatima",fatima@atlassian.net,atlassian.net,0,0,0,0
EM01178,You have a new message from Chase Bank,This is an automated message from Chase Bank. We detected unusual sign-in activity on your account. Please click here to verify your account using the link provided: http://netfIix-account.com/cyh3fvl03dut to prevent loss of access to your account and data.,noreply@netfIix-account.com,netfIix-account.com,1,0,1,1
EM01179,Verify your IRS account now,"Hello, our records show your IRS account requires re-verification following a recent policy update. Please complete this step at your convenience to keep your account in good standing: http://secure-verify-account.com/7mgfxc08dt Thank you, IRS Accounts Team",noreply@secure-verify-account.com,secure-verify-account.com,2,0,0,1
EM01180,URGENT: Action required on your LinkedIn account,This is an automated message from LinkedIn. This is your final notice before deactivation. Please track your package here using the link provided: http://insta-help-center.com/hnriuu9k9x to prevent loss of access to your account and data.,alert@insta-help-center.com,insta-help-center.com,3,0,0,1
EM01181,You have a new message from Wells Fargo,"Hello, we noticed a problem with your last order. Your package could not be delivered - confirm your address. Claim your reward before it expires: http://paypa1-alerts.net/883dhx8bm Sincerely, Wells Fargo Customer Service",support@paypa1-alerts.net,paypa1-alerts.net,1,0,0,1
EM01182,Verify your Amazon account now,"Hello, our records show your Amazon account requires re-verification following a recent policy update. Please complete this step at your convenience to keep your account in good standing: http://dhl-tracking-parcel.xyz/fb9w1q5uz Thank you, Amazon Accounts Team",noreply@dhl-tracking-parcel.xyz,dhl-tracking-parcel.xyz,1,0,0,1
EM01183,Verify your DHL Express account now,"Hi, I am following up on the invoice we discussed. Could you please review and process payment through the link below at your earliest convenience: http://chase-verify-now.com/wtg1m8xfdjgf1c Let me know if you have any questions. Regards, DHL Express Billing",noreply@chase-verify-now.com,chase-verify-now.com,3,0,1,1
EM01184,HDFC Bank Security Alert,"Hello, our records show your HDFC Bank account requires re-verification following a recent policy update. Please complete this step at your convenience to keep your account in good standing: http://hdfc-netbanking-secure.in/vmuhxid4n1 Thank you, HDFC Bank Accounts Team",noreply@hdfc-netbanking-secure.in,hdfc-netbanking-secure.in,3,0,0,1
EM01185,Re: expense report feedback,"Hi, just a friendly reminder that expense report is scheduled for tomorrow at 10am. Please come prepared with your updates. See you there, Jordan",jordan@notion.so,notion.so,0,0,0,0
EM01186,Your HDFC Bank account has been limited,"Hello, our records show your HDFC Bank account requires re-verification following a recent policy update. Please complete this step at your convenience to keep your account in good standing: http://hdfc-netbanking-secure.in/ikm3mvdzc786w0 Thank you, HDFC Bank Accounts Team",noreply@hdfc-netbanking-secure.in,hdfc-netbanking-secure.in,3,0,0,1
EM01187,Verify your Steam account now,"Hello, our records show your Steam account requires re-verification following a recent policy update. Please complete this step at your convenience to keep your account in good standing: http://dhl-tracking-parcel.xyz/9p4627nayy Thank you, Steam Accounts Team",alert@dhl-tracking-parcel.xyz,dhl-tracking-parcel.xyz,3,0,0,1
EM01188,Your expense report order confirmation,"Hi all, here is this week's newsletter covering expense report and other updates from around the company. Feel free to reply with feedback. Cheers, Daniel",daniel@zoom.us,zoom.us,0,0,0,0
EM01189,Reminder: code review tomorrow,"Hi, this is urgent - please review and approve the code review document today, our deadline moved up. You can find it in the shared drive. Thanks for the quick turnaround, Chris",chris@office.com,office.com,0,0,0,0
EM01190,Re: Unusual activity detected - DHL Express,Congratulations! You have been selected to receive a reward from DHL Express. Update your billing information: http://amaz0n-security.info/0i9g5dzx5qj Offer valid for 24 hours only. Do not share this email.,security@amaz0n-security.info,amaz0n-security.info,2,1,1,1
EM01191,Weekly newsletter: Q3 roadmap,"Dear colleague, thank you for your email regarding Q3 roadmap. I have reviewed the details and will follow up with next steps by end of week. Regards, Jordan",jordan@github.com,github.com,0,0,1,0
EM01192,Team meeting notes - the office move,"Hello, please find attached the invoice #9693 for the office move. Payment is due within 30 days per our standard terms. Let me know if you have any questions. Best, Wei",wei@notion.so,notion.so,0,0,0,0
EM01193,Re: Unusual activity detected - Netflix,"Hi, I am following up on the invoice we discussed. Could you please review and process payment through the link below at your earliest convenience: http://irs-taxrefund-gov.com/sh3tow4 Let me know if you have any questions. Regards, Netflix Billing",security@irs-taxrefund-gov.com,irs-taxrefund-gov.com,2,0,1,1
EM01194,Project update - budget planning,"Hi team, sharing notes from today's discussion on budget planning. Please review the attached document and add your comments by Friday. Thanks, Chris",chris@outlook.com,outlook.com,1,0,0,0
EM01195,Re: Unusual activity detected - FedEx,"Dear User, our records show your payment method has failed. Security alert: someone tried to log in from a new device. Log in to secure your account: http://appleid-support-team.com/ny2et9 You must act now to avoid additional fees.",service@appleid-support-team.com,appleid-support-team.com,2,0,0,1
EM01196,Welcome to the marketing campaign,"Hello, action needed: please confirm your availability for the marketing campaign by end of day so we can finalize the schedule. Reply directly to this email. Thanks, Jordan",jordan@hr.company.com,hr.company.com,0,0,1,1
EM01197,Re: Unusual activity detected - Apple ID,"Hi, I am following up on the invoice we discussed. Could you please review and process payment through the link below at your earliest convenience: http://wellsfargo-alert-team.co/wo8nbhnal3gy Let me know if you have any questions. Regards, Apple ID Billing",support@wellsfargo-alert-team.co,wellsfargo-alert-team.co,1,0,1,1
EM01198,Your IRS account has been limited,"Hi, I am following up on the invoice we discussed. Could you please review and process payment through the link below at your earliest convenience: http://microsoft-office365-verify.com/eex6iv9 Let me know if you have any questions. Regards, IRS Billing",account-team@microsoft-office365-verify.com,microsoft-office365-verify.com,3,0,0,1
EM01199,Re: Unusual activity detected - Apple ID,"ALERT! Your refund of $850.00 is pending your confirmation. To avoid disruption, please track your package here by clicking the secure link below: http://appleid-support-team.com/vqt3g8c This link will expire soon. Apple ID Support",alert@appleid-support-team.com,appleid-support-team.com,2,1,1,1
EM01200,You have a new message from Apple ID,"Hello, our records show your Apple ID account requires re-verification following a recent policy update. Please complete this step at your convenience to keep your account in good standing: http://amaz0n-security.info/5f5txc066 Thank you, Apple ID Accounts Team",security@amaz0n-security.info,amaz0n-security.info,2,0,0,1
